Entity Name	Entity type	Gene Symbol	Sources(; separated)	Level4	Level3	Level2	Model_Of_Inheritance	Phenotypes	Omim	Orphanet	HPO	Publications	Description	Flagged	GEL_Status	UserRatings_Green_amber_red	version	ready	Mode of pathogenicity	EnsemblId(GRch37)	EnsemblId(GRch38)	HGNC	Position Chromosome	Position GRCh37 Start	Position GRCh37 End	Position GRCh38 Start	Position GRCh38 End	STR Repeated Sequence	STR Normal Repeats	STR Pathogenic Repeats	Region Haploinsufficiency Score	Region Triplosensitivity Score	Region Required Overlap Percentage	Region Variant Type	Region Verbose Name
AARS	gene	AARS	Emory Genetics Laboratory;Expert Review Green;Expert list;Illumina TruGenome Clinical Sequencing Services;London North GLH;NHS GMS;Radboud University Medical Center, Nijmegen;South West GLH;UKGTN	Hereditary neuropathy	Motor and Sensory Disorders of the PNS	Neurology and neurodevelopmental disorders	MONOALLELIC, autosomal or pseudoautosomal, imprinted status unknown	Charcot-Marie-Tooth, Type 2 ;Charcot Marie Tooth disease, axonal, type 2N, 613287;Charcot-Marie-Tooth, Type 2				20045102;26032230, 26392352		False	4	86;14;0	1.79	True		ENSG00000090861	ENSG00000090861	HGNC:20													
AIFM1	gene	AIFM1	Expert Review;Expert Review Green;London North GLH;NHS GMS;South West GLH	Hereditary neuropathy	Motor and Sensory Disorders of the PNS	Neurology and neurodevelopmental disorders	X-LINKED: hemizygous mutation in males, biallelic mutations in females	Cowchock syndrome;Combined oxidative phosphorylation deficiency 6				3856385		False	4	80;20;0	1.79	True		ENSG00000156709	ENSG00000156709	HGNC:8768													
APTX	gene	APTX	Emory Genetics Laboratory;Expert Review Green;London North GLH;NHS GMS;South West GLH	Hereditary neuropathy	Motor and Sensory Disorders of the PNS	Neurology and neurodevelopmental disorders	BIALLELIC, autosomal or pseudoautosomal	Hereditary Neuropathies;Ataxia, early-onset, with oculomotor apraxia and hypoalbuminemia;ATAXIA WITH OCULOMOTOR APRAXIA 1				11176957		False	4	50;50;0	1.79	True		ENSG00000137074	ENSG00000137074	HGNC:15984													
ARHGEF10	gene	ARHGEF10	Expert Review Green;Expert list;London North GLH;NHS GMS;South West GLH;UKGTN	Hereditary neuropathy	Motor and Sensory Disorders of the PNS	Neurology and neurodevelopmental disorders	MONOALLELIC, autosomal or pseudoautosomal, NOT imprinted	?Slowed nerve conduction velocity, AD, 608236				14508709		False	4	67;17;17	1.79	True		ENSG00000104728	ENSG00000104728	HGNC:14103													
ATL1	gene	ATL1	Emory Genetics Laboratory;Expert Review Green;Expert list;London North GLH;NHS GMS;Radboud University Medical Center, Nijmegen;South West GLH;UKGTN	Hereditary neuropathy	Motor and Sensory Disorders of the PNS	Neurology and neurodevelopmental disorders	MONOALLELIC, autosomal or pseudoautosomal, imprinted status unknown	Neuropathy, hereditary sensory, type ID, 613708				21194679		False	4	86;14;0	1.79	True		ENSG00000198513	ENSG00000198513	HGNC:11231													
ATL3	gene	ATL3	Expert Review;Expert Review Green;London North GLH;NHS GMS;South West GLH	Hereditary neuropathy	Motor and Sensory Disorders of the PNS	Neurology and neurodevelopmental disorders	MONOALLELIC, autosomal or pseudoautosomal, NOT imprinted					24736309;24459106		False	4	60;40;0	1.79	True		ENSG00000184743	ENSG00000184743	HGNC:24526													
ATM	gene	ATM	Emory Genetics Laboratory;Expert Review Green;London North GLH;NHS GMS;South West GLH	Hereditary neuropathy	Motor and Sensory Disorders of the PNS	Neurology and neurodevelopmental disorders	BIALLELIC, autosomal or pseudoautosomal	Hereditary Neuropathies;Ataxia-telangiectasia						False	4	25;50;25	1.79	False		ENSG00000149311	ENSG00000149311	HGNC:795													
ATP7A	gene	ATP7A	Emory Genetics Laboratory;Expert Review Green;Expert list;London North GLH;NHS GMS;South West GLH;UKGTN	Hereditary neuropathy	Motor and Sensory Disorders of the PNS	Neurology and neurodevelopmental disorders	X-LINKED: hemizygous mutation in males, biallelic mutations in females	Hereditary Neuropathies				20170900		False	4	86;14;0	1.79	True		ENSG00000165240	ENSG00000165240	HGNC:869													
BICD2	gene	BICD2	Expert Review Green;Expert list;London North GLH;NHS GMS;South West GLH	Hereditary neuropathy	Motor and Sensory Disorders of the PNS	Neurology and neurodevelopmental disorders	MONOALLELIC, autosomal or pseudoautosomal, NOT imprinted	Spinal muscular atrophy, lower extremity-predominant, 2, AD, 615290				23664116		False	4	83;17;0	1.79	True		ENSG00000185963	ENSG00000185963	HGNC:17208													
BSCL2	gene	BSCL2	Emory Genetics Laboratory;Expert Review Green;Expert list;London North GLH;NHS GMS;South West GLH;UKGTN	Hereditary neuropathy	Motor and Sensory Disorders of the PNS	Neurology and neurodevelopmental disorders	MONOALLELIC, autosomal or pseudoautosomal, imprinted status unknown	Neuropathy, distal hereditary motor, type VA 600794;Encephalopathy, progressive, with or without lipodystrophy, 615924;Lipodystrophy, congenital generalized, type 2 269700;Silver spastic paraplegia syndrome 270685				26392352		False	4	86;14;0	1.79	True		ENSG00000168000	ENSG00000168000	HGNC:15832													
C12orf65	gene	C12orf65	Expert Review Green;Expert list;London North GLH;NHS GMS;South West GLH	Hereditary neuropathy	Motor and Sensory Disorders of the PNS	Neurology and neurodevelopmental disorders	BIALLELIC, autosomal or pseudoautosomal					24198383;28091420		False	4	75;25;0	1.79	True		ENSG00000130921	ENSG00000130921	HGNC:26784													
CHCHD10	gene	CHCHD10	Expert Review;Expert Review Green;London North GLH;NHS GMS;South West GLH	Hereditary neuropathy	Motor and Sensory Disorders of the PNS	Neurology and neurodevelopmental disorders	MONOALLELIC, autosomal or pseudoautosomal, NOT imprinted	Spinal muscular atrophy, Jokela type: 615048				25428574		False	4	80;20;0	1.79	True		ENSG00000250479	ENSG00000250479	HGNC:15559													
COX6A1	gene	COX6A1	Expert Review Green;London North GLH;NHS GMS;Radboud University Medical Center, Nijmegen;South West GLH	Hereditary neuropathy	Motor and Sensory Disorders of the PNS	Neurology and neurodevelopmental disorders	BIALLELIC, autosomal or pseudoautosomal	Charcot Marie Tooth disease, recessive intermediate D, 616039				26302975;25152455		False	4	83;17;0	1.79	True		ENSG00000111775	ENSG00000111775	HGNC:2277													
DNM2	gene	DNM2	Emory Genetics Laboratory;Expert Review Green;Expert list;Illumina TruGenome Clinical Sequencing Services;London North GLH;NHS GMS;Radboud University Medical Center, Nijmegen;South West GLH;UKGTN	Hereditary neuropathy	Motor and Sensory Disorders of the PNS	Neurology and neurodevelopmental disorders	MONOALLELIC, autosomal or pseudoautosomal, imprinted status unknown	Charcot Marie Tooth disease, dominant intermediate B, 606482; Myopathy, centronuclear, 160150;Myopathy, centronuclear, 160150; Lethal congenital contracture syndrome 5, 615368;Charcot Marie Tooth disease, axonal, type 2M, 606482;Charcot-Marie-Tooth, Intermediate ;Lethal congenital contracture syndrome 5, 615368; Charcot Marie Tooth disease, axonal, type 2M, 606482;Charcot-Marie-Tooth, Intermediate				15731758		False	4	86;14;0	1.79	True		ENSG00000079805	ENSG00000079805	HGNC:2974													
DNMT1	gene	DNMT1	Emory Genetics Laboratory;Expert Review Green;Expert list;Illumina TruGenome Clinical Sequencing Services;London North GLH;NHS GMS;Radboud University Medical Center, Nijmegen;South West GLH	Hereditary neuropathy	Motor and Sensory Disorders of the PNS	Neurology and neurodevelopmental disorders	MONOALLELIC, autosomal or pseudoautosomal, imprinted status unknown	Neuropathy, hereditary sensory, type IE, 614116;Neuropathy, hereditary sensory, type IE, 614116;Dementia, Deafness, and Sensory Neuropathy				21532572		False	4	83;17;0	1.79	True		ENSG00000130816	ENSG00000130816	HGNC:2976													
DYNC1H1	gene	DYNC1H1	Emory Genetics Laboratory;Expert Review Green;Expert list;Illumina TruGenome Clinical Sequencing Services;London North GLH;NHS GMS;Radboud University Medical Center, Nijmegen;South West GLH;UKGTN	Hereditary neuropathy	Motor and Sensory Disorders of the PNS	Neurology and neurodevelopmental disorders	MONOALLELIC, autosomal or pseudoautosomal, imprinted status unknown	Charcot Marie Tooth disease, axonal, type 20, 614228;Mental retardation, autosomal dominant 13, 614563;Spinal muscular atrophy, lower extremity predominant, AD, 158600				21820100;26392352		False	4	86;14;0	1.79	True		ENSG00000197102	ENSG00000197102	HGNC:2961													
EGR2	gene	EGR2	Emory Genetics Laboratory;Expert Review Green;Expert list;Illumina TruGenome Clinical Sequencing Services;London North GLH;NHS GMS;Radboud University Medical Center, Nijmegen;South West GLH;UKGTN	Hereditary neuropathy	Motor and Sensory Disorders of the PNS	Neurology and neurodevelopmental disorders	MONOALLELIC, autosomal or pseudoautosomal, imprinted status unknown	Charcot Marie Tooth disease, type 1D, 607678;Charcot-Marie-Tooth, Type 1				9537424		False	4	86;14;0	1.79	True		ENSG00000122877	ENSG00000122877	HGNC:3239													
ELP1	gene	ELP1	Emory Genetics Laboratory;Expert Review Green;Expert list;London North GLH;NHS GMS;South West GLH;UKGTN	Hereditary neuropathy	Motor and Sensory Disorders of the PNS	Neurology and neurodevelopmental disorders	BIALLELIC, autosomal or pseudoautosomal	Dysautonomia, familial, 223900				26392352		False	4	67;33;0	1.79	True		ENSG00000070061	ENSG00000070061	HGNC:5959													
FBLN5	gene	FBLN5	Expert Review;Expert Review Green;London North GLH;NHS GMS	Hereditary neuropathy	Motor and Sensory Disorders of the PNS	Neurology and neurodevelopmental disorders	MONOALLELIC, autosomal or pseudoautosomal, NOT imprinted							False	4	75;25;0	1.79	True		ENSG00000140092	ENSG00000140092	HGNC:3602													
FGD4	gene	FGD4	Emory Genetics Laboratory;Expert Review Green;Expert list;Illumina TruGenome Clinical Sequencing Services;London North GLH;NHS GMS;Radboud University Medical Center, Nijmegen;South West GLH;UKGTN	Hereditary neuropathy	Motor and Sensory Disorders of the PNS	Neurology and neurodevelopmental disorders	BIALLELIC, autosomal or pseudoautosomal	Charcot-Marie-Tooth, Type 4 ;Charcot Marie Tooth disease, type 4H, 609311;Charcot-Marie-Tooth, Type 4;Charcot Marie Tooth disease, type 4H, 609311 				17564959;15744041		False	4	86;14;0	1.79	True		ENSG00000139132	ENSG00000139132	HGNC:19125													
FIG4	gene	FIG4	Emory Genetics Laboratory;Expert Review Green;Expert list;Illumina TruGenome Clinical Sequencing Services;London North GLH;NHS GMS;Radboud University Medical Center, Nijmegen;South West GLH;UKGTN	Hereditary neuropathy	Motor and Sensory Disorders of the PNS	Neurology and neurodevelopmental disorders	BIALLELIC, autosomal or pseudoautosomal	 Yunis Varon syndrome, 216340;Yunis Varon syndrome, 216340;Amyotrophic lateral sclerosis 11, 612577;Charcot Marie Tooth disease, type 4J, 611228; Amyotrophic lateral sclerosis 11, 612577				17572665		False	4	86;14;0	1.79	True		ENSG00000112367	ENSG00000112367	HGNC:16873													
GAN	gene	GAN	Emory Genetics Laboratory;Expert Review Green;Expert list;London North GLH;NHS GMS;South West GLH;UKGTN	Hereditary neuropathy	Motor and Sensory Disorders of the PNS	Neurology and neurodevelopmental disorders	BIALLELIC, autosomal or pseudoautosomal	Giant axonal neuropathy-1				1106248		False	4	83;17;0	1.79	True		ENSG00000261609	ENSG00000261609	HGNC:4137													
GARS	gene	GARS	Emory Genetics Laboratory;Expert Review Green;Expert list;Illumina TruGenome Clinical Sequencing Services;London North GLH;NHS GMS;Radboud University Medical Center, Nijmegen;South West GLH;UKGTN	Hereditary neuropathy	Motor and Sensory Disorders of the PNS	Neurology and neurodevelopmental disorders	MONOALLELIC, autosomal or pseudoautosomal, imprinted status unknown	 Neuropathy, distal hereditary motor, type V, 600794;Neuropathy, distal hereditary motor, type V, 600794;Charcot Marie Tooth disease, type 2D, 601472				29648643		False	4	86;14;0	1.79	True		ENSG00000106105	ENSG00000106105	HGNC:4162													
GDAP1	gene	GDAP1	Emory Genetics Laboratory;Expert Review Green;Expert list;Illumina TruGenome Clinical Sequencing Services;London North GLH;NHS GMS;Radboud University Medical Center, Nijmegen;South West GLH;UKGTN	Hereditary neuropathy	Motor and Sensory Disorders of the PNS	Neurology and neurodevelopmental disorders	BOTH monoallelic and biallelic, autosomal or pseudoautosomal	Charcot Marie Tooth disease, axonal, type 2K, 607831;Charcot Marie Tooth disease, type 4A, 214400;Charcot-Marie-Tooth, Intermediate (Dominant); Charcot Marie Tooth disease, type 4A, 214400;Charcot Marie Tooth disease, recessive intermediate, A, 608340; Charcot Marie Tooth disease, axonal, type 2K, 607831; Charcot-Marie-Tooth, Intermediate (Dominant);Charcot-Marie-Tooth with Vocal Cord Paresis (recessive); Charcot Marie Tooth disease, recessive intermediate, A, 608340				11743579;2937239		False	4	86;14;0	1.79	True		ENSG00000104381	ENSG00000104381	HGNC:15968													
GJB1	gene	GJB1	Eligibility statement prior genetic testing;Emory Genetics Laboratory;Expert Review Green;Expert list;Illumina TruGenome Clinical Sequencing Services;London North GLH;NHS GMS;Radboud University Medical Center, Nijmegen;South West GLH;UKGTN	Hereditary neuropathy	Motor and Sensory Disorders of the PNS	Neurology and neurodevelopmental disorders	X-LINKED: hemizygous mutation in males, monoallelic mutations in females may cause disease (may be less severe, later onset than males)	Charcot Marie Tooth neuropathy, X linked dominant, 1, 302800 ;Charcot Marie Tooth neuropathy, X linked dominant, 1, 302800;Charcot-Marie-Tooth, X-linked;Charcot-Marie-Tooth, X-linked 				8266101		False	4	86;14;0	1.79	True		ENSG00000169562	ENSG00000169562	HGNC:4283													
GLA	gene	GLA	Emory Genetics Laboratory;Expert Review Green;London North GLH;NHS GMS	Hereditary neuropathy	Motor and Sensory Disorders of the PNS	Neurology and neurodevelopmental disorders	X-LINKED: hemizygous mutation in males, monoallelic mutations in females may cause disease (may be less severe, later onset than males)	Cardiomyopathy						False	4	60;40;0	1.79	True		ENSG00000102393	ENSG00000102393	HGNC:4296													
HARS	gene	HARS	Expert Review Green;Expert list;London North GLH;NHS GMS	Hereditary neuropathy	Motor and Sensory Disorders of the PNS	Neurology and neurodevelopmental disorders	MONOALLELIC, autosomal or pseudoautosomal, NOT imprinted							False	4	80;20;0	1.79	True		ENSG00000170445	ENSG00000170445	HGNC:4816													
HINT1	gene	HINT1	Expert Review Green;Expert list;London North GLH;NHS GMS	Hereditary neuropathy	Motor and Sensory Disorders of the PNS	Neurology and neurodevelopmental disorders	BIALLELIC, autosomal or pseudoautosomal							False	4	80;20;0	1.79	True		ENSG00000169567	ENSG00000169567	HGNC:4912													
HK1	gene	HK1	Expert Review Green;London North GLH;NHS GMS;Radboud University Medical Center, Nijmegen	Hereditary neuropathy	Motor and Sensory Disorders of the PNS	Neurology and neurodevelopmental disorders	BIALLELIC, autosomal or pseudoautosomal	Neuropathy, hereditary motor and sensory, Russe type, 605285;Hemolytic anemia due to hexokinase deficiency, 235700;Neuropathy, hereditary motor and sensory, Russe type, 605285						False	4	80;20;0	1.79	True		ENSG00000156515	ENSG00000156515	HGNC:4922													
HSPB1	gene	HSPB1	Emory Genetics Laboratory;Expert Review Green;Expert list;Illumina TruGenome Clinical Sequencing Services;London North GLH;NHS GMS;Radboud University Medical Center, Nijmegen;South West GLH;UKGTN	Hereditary neuropathy	Motor and Sensory Disorders of the PNS	Neurology and neurodevelopmental disorders	MONOALLELIC, autosomal or pseudoautosomal, imprinted status unknown	Neuropathy, distal hereditary motor, type IIB, 608634; Neuropathy, distal hereditary motor, type IIB, 608634;Charcot Marie Tooth disease, axonal, type 2F, 606595				15122254;28379183		False	4	86;14;0	1.79	True		ENSG00000106211	ENSG00000106211	HGNC:5246													
HSPB8	gene	HSPB8	Emory Genetics Laboratory;Expert Review Green;Expert list;Illumina TruGenome Clinical Sequencing Services;London North GLH;NHS GMS;Radboud University Medical Center, Nijmegen;South West GLH;UKGTN	Hereditary neuropathy	Motor and Sensory Disorders of the PNS	Neurology and neurodevelopmental disorders	MONOALLELIC, autosomal or pseudoautosomal, imprinted status unknown	Charcot Marie Tooth disease, axonal, type 2L, 608673; Neuropathy, distal hereditary motor, type IIA, 158590;Neuropathy, distal hereditary motor, type IIA, 158590				28780615;23389032		False	4	86;14;0	1.79	True		ENSG00000152137	ENSG00000152137	HGNC:30171													
IGHMBP2	gene	IGHMBP2	Emory Genetics Laboratory;Expert Review Green;Expert list;London North GLH;NHS GMS;South West GLH;UKGTN	Hereditary neuropathy	Motor and Sensory Disorders of the PNS	Neurology and neurodevelopmental disorders	BIALLELIC, autosomal or pseudoautosomal	Charcot-Marie-Tooth disease, axonal, type 2S 616155;Neuronopathy, distal hereditary motor, type VI, 604320				26392352		False	4	86;14;0	1.79	True		ENSG00000132740	ENSG00000132740	HGNC:5542													
INF2	gene	INF2	Expert Review Green;Expert list;London North GLH;NHS GMS;Radboud University Medical Center, Nijmegen	Hereditary neuropathy	Motor and Sensory Disorders of the PNS	Neurology and neurodevelopmental disorders	MONOALLELIC, autosomal or pseudoautosomal, NOT imprinted	Charcot Marie Tooth disease, dominant intermediate E, 614455						False	4	80;20;0	1.79	True		ENSG00000203485	ENSG00000203485	HGNC:23791													
KIF1A	gene	KIF1A	Emory Genetics Laboratory;Expert Review Green;Expert list;Illumina TruGenome Clinical Sequencing Services;London North GLH;NHS GMS;Radboud University Medical Center, Nijmegen	Hereditary neuropathy	Motor and Sensory Disorders of the PNS	Neurology and neurodevelopmental disorders	BIALLELIC, autosomal or pseudoautosomal	Neuropathy, hereditary sensory, type IIC, 614213;Hereditary Sensory and Autonomic Neuropathy, Type II						False	4	80;20;0	1.79	True		ENSG00000130294	ENSG00000130294	HGNC:888													
KIF5A	gene	KIF5A	Emory Genetics Laboratory;Expert Review Green;London North GLH;NHS GMS	Hereditary neuropathy	Motor and Sensory Disorders of the PNS	Neurology and neurodevelopmental disorders	MONOALLELIC, autosomal or pseudoautosomal, NOT imprinted	Hereditary Neuropathies;Spastic paraplegia 10, autosomal dominant						False	4	80;20;0	1.79	True		ENSG00000155980	ENSG00000155980	HGNC:6323													
LITAF	gene	LITAF	Emory Genetics Laboratory;Expert Review Green;Expert list;Illumina TruGenome Clinical Sequencing Services;London North GLH;NHS GMS;Radboud University Medical Center, Nijmegen;South West GLH;UKGTN	Hereditary neuropathy	Motor and Sensory Disorders of the PNS	Neurology and neurodevelopmental disorders	MONOALLELIC, autosomal or pseudoautosomal, imprinted status unknown	Charcot Marie Tooth disease, type 1C, 601098 ;Charcot Marie Tooth disease, type 1C, 601098				28211240		False	4	86;14;0	1.79	True		ENSG00000189067	ENSG00000189067	HGNC:16841													
LMNA	gene	LMNA	Emory Genetics Laboratory;Expert Review Green;Expert list;Illumina TruGenome Clinical Sequencing Services;London North GLH;NHS GMS;Radboud University Medical Center, Nijmegen;South West GLH;UKGTN	Hereditary neuropathy	Motor and Sensory Disorders of the PNS	Neurology and neurodevelopmental disorders	BIALLELIC, autosomal or pseudoautosomal	 Cardiomyopathy, dilated, 1A, 115200;Muscular dystrophy, congenital, 613205 Muscular dystrophy, limb girdle, type 1B, 159001;Charcot Marie Tooth disease, type 2B1, 605588;Mandibuloacral dysplasia, 248370 Hutchinson Gilford progeria, 176670;Emery Dreifuss muscular dystrophy 2, AD, 181350; Mandibuloacral dysplasia, 248370 Hutchinson Gilford progeria, 176670; Muscular dystrophy, congenital, 613205 Muscular dystrophy, limb girdle, type 1B, 159001;Restrictive dermopathy, lethal, 275210 Heart hand syndrome, Slovenian type, 610140 Malouf syndrome, 212112; Restrictive dermopathy, lethal, 275210 Heart hand syndrome, Slovenian type, 610140 Malouf syndrome, 212112; Lipodystrophy, familial partial, 2, 151660;Lipodystrophy, familial partial, 2, 151660;Emery Dreifuss muscular dystrophy 3, AR, 181350; Emery Dreifuss muscular dystrophy 3, AR, 181350; Emery Dreifuss muscular dystrophy 2, AD, 181350;Cardiomyopathy, dilated, 1A, 115200				11799477		False	4	86;14;0	1.79	True		ENSG00000160789	ENSG00000160789	HGNC:6636													
LRSAM1	gene	LRSAM1	Emory Genetics Laboratory;Expert Review Green;Expert list;Illumina TruGenome Clinical Sequencing Services;London North GLH;NHS GMS;Radboud University Medical Center, Nijmegen;South West GLH	Hereditary neuropathy	Motor and Sensory Disorders of the PNS	Neurology and neurodevelopmental disorders	BOTH monoallelic and biallelic, autosomal or pseudoautosomal	Charcot Marie Toothe disease, axonal, type 2P, 614436;Charcot Marie Toothe disease, axonal, type 2P, 614436 				22781092;28335037		False	4	83;17;0	1.79	True		ENSG00000148356	ENSG00000148356	HGNC:25135													
MFN2	gene	MFN2	Eligibility statement prior genetic testing;Emory Genetics Laboratory;Expert Review Green;Expert list;Illumina TruGenome Clinical Sequencing Services;London North GLH;NHS GMS;Radboud University Medical Center, Nijmegen;South West GLH;UKGTN	Hereditary neuropathy	Motor and Sensory Disorders of the PNS	Neurology and neurodevelopmental disorders	BOTH monoallelic and biallelic, autosomal or pseudoautosomal	Charcot-Marie-Tooth, Type 2 (Dominant);MFN2 axonal neuropathy;MFN2 axonal neuropathy;Charcot-Marie-Tooth, Type 2 (Dominant);Charcot Marie Tooth disease, type 2A2, 609260;Hereditary motor and sensory neuropathy VI, 601152;Hereditary motor and sensory neuropathy VI, 601152;Hereditary Motor and Sensory Neuropathy (Recessive);Hereditary Motor and Sensory Neuropathy (Recessive)						False	4	86;14;0	1.79	True		ENSG00000116688	ENSG00000116688	HGNC:16877													
MME	gene	MME	Expert Review Green;London North GLH;NHS GMS;Other	Hereditary neuropathy	Motor and Sensory Disorders of the PNS	Neurology and neurodevelopmental disorders	BIALLELIC, autosomal or pseudoautosomal	Charcot-Marie-Tooth disease, axonal, type 2T, 617017				26991897;27588448		False	4	75;25;0	1.79	True		ENSG00000196549	ENSG00000196549	HGNC:7154													
MORC2	gene	MORC2	Expert Review Green;Literature;London North GLH;NHS GMS;South West GLH	Hereditary neuropathy	Motor and Sensory Disorders of the PNS	Neurology and neurodevelopmental disorders	MONOALLELIC, autosomal or pseudoautosomal, imprinted status unknown	" Charcot-Marie-Tooth disease, axonal, type 2Z 	616688;Charcot-Marie-Tooth disease, axonal, type 2Z, 616688;axonal Charcot-Marie-Tooth disease"				26497905;26659848		False	4	67;33;0	1.79	False		ENSG00000133422	ENSG00000133422	HGNC:23573													
MPV17	gene	MPV17	Expert Review;Expert Review Green;London North GLH;NHS GMS	Hereditary neuropathy	Motor and Sensory Disorders of the PNS	Neurology and neurodevelopmental disorders	BIALLELIC, autosomal or pseudoautosomal	Mitochondrial DNA depletion syndrome 6 (hepatocerebral type)						False	4	75;25;0	1.79	True		ENSG00000115204	ENSG00000115204	HGNC:7224													
MPZ	gene	MPZ	Eligibility statement prior genetic testing;Emory Genetics Laboratory;Expert Review Green;Expert list;Illumina TruGenome Clinical Sequencing Services;London North GLH;NHS GMS;Radboud University Medical Center, Nijmegen;South West GLH;UKGTN	Hereditary neuropathy	Motor and Sensory Disorders of the PNS	Neurology and neurodevelopmental disorders	MONOALLELIC, autosomal or pseudoautosomal, imprinted status unknown	Charcot Marie Tooth disease, type 2I, 607677;Charcot Marie Tooth disease, type 1B, 118200; Charcot Marie Tooth disease, type 2J, 607736; Roussy Levy syndrome, 180800;Charcot Marie Tooth disease, type 2J, 607736;Roussy Levy syndrome, 180800; Charcot Marie Tooth disease, type 2I, 607677;Charcot Marie Tooth disease, dominant intermediate D, 607791; Dejerine Sottas disease, 145900;Dejerine Sottas disease, 145900; Charcot Marie Tooth disease, dominant intermediate D, 607791; Neuropathy, congenital hypomyelinating, 605253;Neuropathy, congenital hypomyelinating, 605253						False	4	86;14;0	1.79	True		ENSG00000158887	ENSG00000158887	HGNC:7225													
MT-ATP6	gene	MT-ATP6	Expert Review;Expert Review Green;London North GLH;NHS GMS	Hereditary neuropathy	Motor and Sensory Disorders of the PNS	Neurology and neurodevelopmental disorders	MITOCHONDRIAL							False	4	75;25;0	1.79	True		ENSG00000198899	ENSG00000198899	HGNC:7414													
MTMR2	gene	MTMR2	Emory Genetics Laboratory;Expert Review Green;Expert list;Illumina TruGenome Clinical Sequencing Services;London North GLH;NHS GMS;Radboud University Medical Center, Nijmegen;South West GLH;UKGTN	Hereditary neuropathy	Motor and Sensory Disorders of the PNS	Neurology and neurodevelopmental disorders	BIALLELIC, autosomal or pseudoautosomal	Charcot-Marie-Tooth disease, type 4B1, 601382				28509084;10802647		False	4	86;14;0	1.79	True		ENSG00000087053	ENSG00000087053	HGNC:7450													
NDRG1	gene	NDRG1	Emory Genetics Laboratory;Expert Review Green;Expert list;Illumina TruGenome Clinical Sequencing Services;London North GLH;NHS GMS;Radboud University Medical Center, Nijmegen;South West GLH;UKGTN	Hereditary neuropathy	Motor and Sensory Disorders of the PNS	Neurology and neurodevelopmental disorders	BIALLELIC, autosomal or pseudoautosomal	Charcot Marie Tooth disease, type 4D, 601455;Charcot Marie Tooth disease, type 4D, 601455 				28776325;10831399		False	4	86;14;0	1.79	True		ENSG00000104419	ENSG00000104419	HGNC:7679													
NEFL	gene	NEFL	Emory Genetics Laboratory;Expert Review Green;Expert list;Illumina TruGenome Clinical Sequencing Services;London North GLH;NHS GMS;Radboud University Medical Center, Nijmegen;South West GLH;UKGTN	Hereditary neuropathy	Motor and Sensory Disorders of the PNS	Neurology and neurodevelopmental disorders	BOTH monoallelic and biallelic, autosomal or pseudoautosomal	Charcot Marie Tooth disease, type 2E, 607684;Charcot Marie Tooth disease, type 1F, 607734; Charcot Marie Tooth disease, type 1F, 607734;Charcot-Marie-Tooth disease, dominant intermediate G, 617882				23618875;10841809		False	4	86;14;0	1.79	True		ENSG00000104725	ENSG00000277586	HGNC:7739													
NGF	gene	NGF	Emory Genetics Laboratory;Expert Review Green;Expert list;Illumina TruGenome Clinical Sequencing Services;London North GLH;NHS GMS;Radboud University Medical Center, Nijmegen;South West GLH;UKGTN	Hereditary neuropathy	Motor and Sensory Disorders of the PNS	Neurology and neurodevelopmental disorders	BIALLELIC, autosomal or pseudoautosomal	Neuropathy, hereditary sensory and autonomic, type V, 608654;Hereditary Sensory and Autonomic Neuropathy, Type V;Neuropathy, hereditary sensory and autonomic, type V, 608654 ;Hereditary Sensory and Autonomic Neuropathy, Type V 				1317267;14976160		False	4	86;14;0	1.79	True		ENSG00000134259	ENSG00000134259	HGNC:7808													
NTRK1	gene	NTRK1	Emory Genetics Laboratory;Expert Review Green;Expert list;London North GLH;NHS GMS;South West GLH;UKGTN	Hereditary neuropathy	Motor and Sensory Disorders of the PNS	Neurology and neurodevelopmental disorders	BIALLELIC, autosomal or pseudoautosomal	Hereditary Neuropathies;Insensitivity to pain, congenital, with anhidrosis				28940190		False	4	83;17;0	1.79	True		ENSG00000198400	ENSG00000198400	HGNC:8031													
PDHA1	gene	PDHA1	Expert Review Green;Expert list;London North GLH;NHS GMS	Hereditary neuropathy	Motor and Sensory Disorders of the PNS	Neurology and neurodevelopmental disorders	X-LINKED: hemizygous mutation in males, biallelic mutations in females							False	4	33;33;33	1.79	True		ENSG00000131828	ENSG00000131828	HGNC:8806													
PEX7	gene	PEX7	Emory Genetics Laboratory;Expert Review Green;London North GLH;NHS GMS;UKGTN	Hereditary neuropathy	Motor and Sensory Disorders of the PNS	Neurology and neurodevelopmental disorders	BIALLELIC, autosomal or pseudoautosomal	Hereditary Neuropathies;Refsum disease						False	4	60;40;0	1.79	True		ENSG00000112357	ENSG00000112357	HGNC:8860													
PHYH	gene	PHYH	Emory Genetics Laboratory;Expert Review Green;London North GLH;NHS GMS;UKGTN	Hereditary neuropathy	Motor and Sensory Disorders of the PNS	Neurology and neurodevelopmental disorders	BIALLELIC, autosomal or pseudoautosomal	Hereditary Neuropathies						False	4	60;20;20	1.79	False		ENSG00000107537	ENSG00000107537	HGNC:8940													
PLEKHG5	gene	PLEKHG5	Emory Genetics Laboratory;Expert Review Green;Expert list;London North GLH;NHS GMS;Radboud University Medical Center, Nijmegen;South West GLH;UKGTN	Hereditary neuropathy	Motor and Sensory Disorders of the PNS	Neurology and neurodevelopmental disorders	BIALLELIC, autosomal or pseudoautosomal	Charcot Marie Tooth disease, recessive intermediate C, 615376;Spinal muscular atrophy, distal, autosomal recessive, 4, 611067; Spinal muscular atrophy, distal, autosomal recessive, 4, 611067				23844677;17564964		False	4	83;17;0	1.79	True		ENSG00000171680	ENSG00000171680	HGNC:29105													
PMP22	gene	PMP22	Eligibility statement prior genetic testing;Emory Genetics Laboratory;Expert Review Green;Expert list;Illumina TruGenome Clinical Sequencing Services;London North GLH;NHS GMS;Radboud University Medical Center, Nijmegen;South West GLH;UKGTN	Hereditary neuropathy	Motor and Sensory Disorders of the PNS	Neurology and neurodevelopmental disorders	MONOALLELIC, autosomal or pseudoautosomal, imprinted status unknown	Neuropathy, inflammatory demyelinating, 139393;Charcot Marie Tooth disease, type 1A, 118220; Charcot Marie Tooth disease, type 1E, 118300 Roussy Levy syndrome, 180800; Dejerine Sottas disease, 145900;Dejerine Sottas disease, 145900; Neuropathy, recurrent, with pressure palsies, 162500;Neuropathy, recurrent, with pressure palsies, 162500;Charcot Marie Tooth disease, type 1E, 118300 Roussy Levy syndrome, 180800; Neuropathy, inflammatory demyelinating, 139393						False	4	86;14;0	1.79	True		ENSG00000109099	ENSG00000109099	HGNC:9118													
POLG	gene	POLG	Emory Genetics Laboratory;Expert Review Green;Expert list;London North GLH;NHS GMS	Hereditary neuropathy	Motor and Sensory Disorders of the PNS	Neurology and neurodevelopmental disorders	BOTH monoallelic and biallelic, autosomal or pseudoautosomal	Cardiomyopathy;sensory ataxia neuropathy dysarthria and ophthalmoplegia (SANDO);Mitochondrial DNA depletion syndrome 4A (Alpers type);Mitochondrial DNA depletion syndrome 4B (MNGIE type);Mitochondrial recessive ataxia syndrome (includes SANDO and SCAE);Progressive external ophthalmoplegia, autosomal dominant 1;Progressive external ophthalmoplegia, autosomal recessive 1						False	4	80;20;0	1.79	True		ENSG00000140521	ENSG00000140521	HGNC:9179													
PRDM12	gene	PRDM12	Expert Review;Expert Review Green;London North GLH;NHS GMS	Hereditary neuropathy	Motor and Sensory Disorders of the PNS	Neurology and neurodevelopmental disorders	BIALLELIC, autosomal or pseudoautosomal	hereditary sensory & autonomic neuropathy type VIII						False	4	75;25;0	1.79	True		ENSG00000130711	ENSG00000130711	HGNC:13997													
PRNP	gene	PRNP	Expert Review;Expert Review Green;London North GLH;NHS GMS	Hereditary neuropathy	Motor and Sensory Disorders of the PNS	Neurology and neurodevelopmental disorders	MONOALLELIC, autosomal or pseudoautosomal, NOT imprinted					24224623		False	4	50;25;25	1.79	True		ENSG00000171867	ENSG00000171867	HGNC:9449													
PRPS1	gene	PRPS1	Emory Genetics Laboratory;Expert Review Green;Expert list;Illumina TruGenome Clinical Sequencing Services;London North GLH;NHS GMS;Radboud University Medical Center, Nijmegen;South West GLH;UKGTN	Hereditary neuropathy	Motor and Sensory Disorders of the PNS	Neurology and neurodevelopmental disorders	X-LINKED: hemizygous mutation in males, monoallelic mutations in females may cause disease (may be less severe, later onset than males)	Charcot Marie Tooth disease, X linked recessive, 5, 311070				24285972;17701900		False	4	86;14;0	1.79	True		ENSG00000147224	ENSG00000147224	HGNC:9462													
PRX	gene	PRX	Emory Genetics Laboratory;Expert Review Green;Expert list;Illumina TruGenome Clinical Sequencing Services;London North GLH;NHS GMS;Radboud University Medical Center, Nijmegen;South West GLH;UKGTN	Hereditary neuropathy	Motor and Sensory Disorders of the PNS	Neurology and neurodevelopmental disorders	BIALLELIC, autosomal or pseudoautosomal	Dejerine Sottas disease, autosomal recessive, 145900;Charcot Marie Tooth disease, type 4F, 614895; Dejerine Sottas disease, autosomal recessive, 145900				11157804;10848494		False	4	86;14;0	1.79	True		ENSG00000105227	ENSG00000105227	HGNC:13797													
RAB7A	gene	RAB7A	Emory Genetics Laboratory;Expert Review Green;Expert list;Illumina TruGenome Clinical Sequencing Services;London North GLH;NHS GMS;South West GLH;UKGTN	Hereditary neuropathy	Motor and Sensory Disorders of the PNS	Neurology and neurodevelopmental disorders	MONOALLELIC, autosomal or pseudoautosomal, imprinted status unknown	Charcot-Marie-Tooth disease, type 2B, 600882				26791407		False	4	86;14;0	1.79	True		ENSG00000075785	ENSG00000075785	HGNC:9788													
REEP1	gene	REEP1	Emory Genetics Laboratory;Expert Review Green;Expert list;London North GLH;NHS GMS;South West GLH	Hereditary neuropathy	Motor and Sensory Disorders of the PNS	Neurology and neurodevelopmental disorders	MONOALLELIC, autosomal or pseudoautosomal, NOT imprinted	?Neuronopathy, distal hereditary motor, type VB, 614751;Spastic paraplegia 31, autosomal dominant 610250;Cardiomyopathy				19034539;22703882		False	4	86;14;0	1.79	True		ENSG00000068615	ENSG00000068615	HGNC:25786													
RETREG1	gene	RETREG1	Emory Genetics Laboratory;Expert Review Green;Expert list;Illumina TruGenome Clinical Sequencing Services;London North GLH;NHS GMS;Radboud University Medical Center, Nijmegen;South West GLH;UKGTN	Hereditary neuropathy	Motor and Sensory Disorders of the PNS	Neurology and neurodevelopmental disorders	BIALLELIC, autosomal or pseudoautosomal	Hereditary Sensory and Autonomic Neuropathy, Type II;Hereditary Sensory and Autonomic Neuropathy, Type II ;Neuropathy, hereditary sensory and autonomic, type IIB, 613115 ;Neuropathy, hereditary sensory and autonomic, type IIB, 613115				30373780;19838196		False	4	71;14;14	1.79	True		ENSG00000154153	ENSG00000154153	HGNC:25964													
SACS	gene	SACS	Emory Genetics Laboratory;Expert Review Green;Expert list;London North GLH;NHS GMS	Hereditary neuropathy	Motor and Sensory Disorders of the PNS	Neurology and neurodevelopmental disorders	BIALLELIC, autosomal or pseudoautosomal	Hereditary Neuropathies						False	4	67;33;0	1.79	False		ENSG00000151835	ENSG00000151835	HGNC:10519													
SBF2	gene	SBF2	Emory Genetics Laboratory;Expert Review Green;Expert list;Illumina TruGenome Clinical Sequencing Services;London North GLH;NHS GMS;Radboud University Medical Center, Nijmegen;South West GLH;UKGTN	Hereditary neuropathy	Motor and Sensory Disorders of the PNS	Neurology and neurodevelopmental disorders	BIALLELIC, autosomal or pseudoautosomal	Charcot Marie Tooth disease, type 4B2, 604563;Charcot Marie Tooth disease, type 4B2, 604563 				17855448;12554688		False	4	86;14;0	1.79	True		ENSG00000133812	ENSG00000133812	HGNC:2135													
SCN11A	gene	SCN11A	Expert Review Green;London North GLH;NHS GMS;Radboud University Medical Center, Nijmegen	Hereditary neuropathy	Motor and Sensory Disorders of the PNS	Neurology and neurodevelopmental disorders	MONOALLELIC, autosomal or pseudoautosomal, NOT imprinted	Episodic pain syndrome, familial, 3, 615552;Neuropathy, hereditary sensory and autonomic, type VII, 615548;CONGENITAL INABILITY TO EXPERIENCE PAIN						False	4	80;20;0	1.79	True		ENSG00000168356	ENSG00000168356	HGNC:10583													
SCN9A	gene	SCN9A	Emory Genetics Laboratory;Expert Review Green;Expert list;London North GLH;NHS GMS;South West GLH;UKGTN	Hereditary neuropathy	Motor and Sensory Disorders of the PNS	Neurology and neurodevelopmental disorders	BOTH monoallelic and biallelic, autosomal or pseudoautosomal	Hereditary Neuropathies				26392352		False	4	83;17;0	1.79	True		ENSG00000169432	ENSG00000169432	HGNC:10597													
SEPT9	gene	SEPT9	Expert Review Green;Expert list;London North GLH;NHS GMS;South West GLH;UKGTN	Hereditary neuropathy	Motor and Sensory Disorders of the PNS	Neurology and neurodevelopmental disorders	MONOALLELIC, autosomal or pseudoautosomal, NOT imprinted	Amyotrophy, hereditary neuralgic;Neuralgic amyotrophy				16186812;19451530		False	4	83;17;0	1.79	True		ENSG00000184640	ENSG00000184640	HGNC:7323													
SETX	gene	SETX	Expert Review Green;Expert list;London North GLH;NHS GMS	Hereditary neuropathy	Motor and Sensory Disorders of the PNS	Neurology and neurodevelopmental disorders	BIALLELIC, autosomal or pseudoautosomal					PMID:25802885 - Identifiy one previously reported variant and three novel variants in 4 families. Report the variants found in CMT patients are likely nonpathogenic due to bioinformatics analysis. Report SETX c.7640T>C is a nonpathogenic rare variant;PMID: 25025039 - a likely pathogenic variant in SETX reported in a sporadic case with CMT2 and spasticity. Found with a REEP1 variant, and the authors assume digenic pathogenicity.		False	4	60;20;20	1.79	True		ENSG00000107290	ENSG00000107290	HGNC:445													
SH3TC2	gene	SH3TC2	Emory Genetics Laboratory;Expert Review Green;Expert list;Illumina TruGenome Clinical Sequencing Services;London North GLH;NHS GMS;Radboud University Medical Center, Nijmegen;South West GLH;UKGTN	Hereditary neuropathy	Motor and Sensory Disorders of the PNS	Neurology and neurodevelopmental disorders	BIALLELIC, autosomal or pseudoautosomal	Mononeuropathy of the median nerve, mild, 613353;Charcot Marie Tooth disease, type 4C, 601596				19805030		False	4	86;14;0	1.79	True		ENSG00000169247	ENSG00000169247	HGNC:29427													
SIGMAR1	gene	SIGMAR1	Expert Review;Expert Review Green;London North GLH;NHS GMS	Hereditary neuropathy	Motor and Sensory Disorders of the PNS	Neurology and neurodevelopmental disorders	BIALLELIC, autosomal or pseudoautosomal					PMID: 26205306 one family report for association with Amyotrophic lateral sclerosis and c.672*31A>G (rs4879809) - the C9ORF72 repeat region in intron 1, previously implicated in a related phenotype, was excluded through linkage, and further confirmation of exclusion was obtained by amplifying intron 1 of C9ORF72 with multiple primers in affected individuals and controls;PubMed: 21842496 - E102Q variant identified in a Saudi Arabian family to be associated with amyotrophic lateral sclerosis 16, juvenile;PMID: 26088964 is a commentary on PMID: 25678561 raising a lack of evidence for SIGMARI to be pathogenic, and that previous reports of patients with SIGMARI variants were also shown to harbour C9orf72 expansions. PMID: 26088963 - in reply, authors state that there is in vitro and in vivo evidence, and expression evidence, and that a case reported did not have the C9orf72 expansion;PMID: 26078401 - c.151+1G>T variant in SIGMARI resulted in a 60 bp deletion in the transcript, and segrated with the distal hereditary motor neuropathy in a Chinese family.		False	4	75;25;0	1.79	False		ENSG00000147955	ENSG00000147955	HGNC:8157													
SLC12A6	gene	SLC12A6	Emory Genetics Laboratory;Expert Review Green;Expert list;Illumina TruGenome Clinical Sequencing Services;London North GLH;NHS GMS;South West GLH;UKGTN	Hereditary neuropathy	Motor and Sensory Disorders of the PNS	Neurology and neurodevelopmental disorders	BIALLELIC, autosomal or pseudoautosomal	Hereditary Motor and Sensory Neuropathy with Agenesis of the Corpus Callosum;Hereditary Motor and Sensory Neuropathy with Agenesis of the Corpus Callosum 				12368912		False	4	86;14;0	1.79	True		ENSG00000140199	ENSG00000140199	HGNC:10914													
SLC52A2	gene	SLC52A2	Expert Review Green;Expert list;London North GLH;NHS GMS	Hereditary neuropathy	Motor and Sensory Disorders of the PNS	Neurology and neurodevelopmental disorders	BIALLELIC, autosomal or pseudoautosomal					Brown-Vialetto-Van Laere syndrome 2;BVVL		False	4	80;20;0	1.79	True		ENSG00000185803	ENSG00000185803	HGNC:30224													
SLC52A3	gene	SLC52A3	Expert Review Green;Expert list;London North GLH;NHS GMS	Hereditary neuropathy	Motor and Sensory Disorders of the PNS	Neurology and neurodevelopmental disorders	BIALLELIC, autosomal or pseudoautosomal	dHMN; Brown-Vialetto-Van Laere syndrome 1;Fazio-Londe disease 				20206331		False	4	50;50;0	1.79	True		ENSG00000101276	ENSG00000101276	HGNC:16187													
SMN1	gene	SMN1	Expert Review Green;Expert list;London North GLH;NHS GMS	Hereditary neuropathy	Motor and Sensory Disorders of the PNS	Neurology and neurodevelopmental disorders	BIALLELIC, autosomal or pseudoautosomal	Spinal muscular atrophy						False	4	80;20;0	1.79	True		ENSG00000172062	ENSG00000172062	HGNC:11117													
SPAST	gene	SPAST	Emory Genetics Laboratory;Expert Review Green;London North GLH;NHS GMS;UKGTN	Hereditary neuropathy	Motor and Sensory Disorders of the PNS	Neurology and neurodevelopmental disorders	MONOALLELIC, autosomal or pseudoautosomal, imprinted status unknown	Hereditary Neuropathies;Spastic paraplegia 4, autosomal dominant						False	4	33;33;33	1.79	True		ENSG00000021574	ENSG00000021574	HGNC:11233													
SPG11	gene	SPG11	Emory Genetics Laboratory;Expert Review Green;London North GLH;NHS GMS	Hereditary neuropathy	Motor and Sensory Disorders of the PNS	Neurology and neurodevelopmental disorders	BIALLELIC, autosomal or pseudoautosomal	Hereditary Neuropathies;axonal Charcot-Marie-Tooth disease type 2X				26556829		False	4	67;33;0	1.79	True		ENSG00000104133	ENSG00000104133	HGNC:11226													
SPTLC1	gene	SPTLC1	Emory Genetics Laboratory;Expert Review Green;Expert list;Illumina TruGenome Clinical Sequencing Services;London North GLH;NHS GMS;Radboud University Medical Center, Nijmegen;South West GLH;UKGTN	Hereditary neuropathy	Motor and Sensory Disorders of the PNS	Neurology and neurodevelopmental disorders	MONOALLELIC, autosomal or pseudoautosomal, imprinted status unknown	Hereditary Sensory and Autonomic Neuropathy, Type II;Neuropathy, hereditary sensory and autonomic, type IA, 162400 ;Hereditary Sensory and Autonomic Neuropathy, Type II ;Neuropathy, hereditary sensory and autonomic, type IA, 162400				16216550;20097765		False	4	86;14;0	1.79	True		ENSG00000090054	ENSG00000090054	HGNC:11277													
SPTLC2	gene	SPTLC2	Emory Genetics Laboratory;Expert Review Green;Expert list;Illumina TruGenome Clinical Sequencing Services;London North GLH;NHS GMS;Radboud University Medical Center, Nijmegen;South West GLH;UKGTN	Hereditary neuropathy	Motor and Sensory Disorders of the PNS	Neurology and neurodevelopmental disorders	MONOALLELIC, autosomal or pseudoautosomal, imprinted status unknown	Hereditary Sensory and Autonomic Neuropathy, Type IC ;Neuropathy, hereditary sensory and autonomic, type IC, 613640 ;Neuropathy, hereditary sensory and autonomic, type IC, 613640;Hereditary Sensory and Autonomic Neuropathy, Type IC				20920666		False	4	86;14;0	1.79	True	Loss-of-function variants (as defined in pop up message) DO NOT cause this phenotype - please provide details in the comments	ENSG00000100596	ENSG00000100596	HGNC:11278													
TFG	gene	TFG	Expert Review Green;Expert list;London North GLH;NHS GMS;Radboud University Medical Center, Nijmegen	Hereditary neuropathy	Motor and Sensory Disorders of the PNS	Neurology and neurodevelopmental disorders	MONOALLELIC, autosomal or pseudoautosomal, NOT imprinted	Hereditary motor and sensory neuropathy, proximal type, 604484;Chondrosarcoma, extraskeletal myxoid, 612237;Hereditary motor and sensory neuropathy, Okinawa type						False	4	80;20;0	1.79	True		ENSG00000114354	ENSG00000114354	HGNC:11758													
TRPV4	gene	TRPV4	Emory Genetics Laboratory;Expert Review Green;Expert list;Illumina TruGenome Clinical Sequencing Services;London North GLH;NHS GMS;Radboud University Medical Center, Nijmegen;South West GLH;UKGTN	Hereditary neuropathy	Motor and Sensory Disorders of the PNS	Neurology and neurodevelopmental disorders	MONOALLELIC, autosomal or pseudoautosomal, imprinted status unknown	Hereditary motor and sensory neuropathy, type IIc, 606071				20037586		False	4	86;14;0	1.79	True	Loss-of-function variants (as defined in pop up message) DO NOT cause this phenotype - please provide details in the comments	ENSG00000111199	ENSG00000111199	HGNC:18083													
TTR	gene	TTR	Emory Genetics Laboratory;Expert Review Green;Expert list;London North GLH;NHS GMS;UKGTN	Hereditary neuropathy	Motor and Sensory Disorders of the PNS	Neurology and neurodevelopmental disorders	MONOALLELIC, autosomal or pseudoautosomal, NOT imprinted	Cardiomyopathy						False	4	80;20;0	1.79	True		ENSG00000118271	ENSG00000118271	HGNC:12405													
TUBB3	gene	TUBB3	Expert Review;Expert Review Green;London North GLH;NHS GMS	Hereditary neuropathy	Motor and Sensory Disorders of the PNS	Neurology and neurodevelopmental disorders	MONOALLELIC, autosomal or pseudoautosomal, NOT imprinted	Fibrosis of extraocular muscles, congenital, 3A;CFEOM3A;CONGENITAL FIBROSIS OF THE EXTRAOCULAR MUSCLES						False	4	75;25;0	1.79	True		ENSG00000258947	ENSG00000258947	HGNC:20772													
TYMP	gene	TYMP	Expert Review Green;Expert list;London North GLH;NHS GMS	Hereditary neuropathy	Motor and Sensory Disorders of the PNS	Neurology and neurodevelopmental disorders	BIALLELIC, autosomal or pseudoautosomal	Mitochondrial DNA depletion syndrome 1 (MNGIE type)						False	4	80;20;0	1.79	True		ENSG00000025708	ENSG00000025708	HGNC:3148													
VCP	gene	VCP	Expert Review;Expert Review Green;London North GLH;NHS GMS	Hereditary neuropathy	Motor and Sensory Disorders of the PNS	Neurology and neurodevelopmental disorders	MONOALLELIC, autosomal or pseudoautosomal, NOT imprinted	Charcot-Marie-Tooth disease, type 2Y;Amyotrophic lateral sclerosis 14, with or without frontotemporal dementia;Inclusion body myopathy with early-onset Paget disease and frontotemporal dementia 1				PMID: 26574898;25125609;PMID: 25878907		False	4	33;33;33	1.79	True		ENSG00000165280	ENSG00000165280	HGNC:12666													
WNK1	gene	WNK1	Emory Genetics Laboratory;Expert Review Green;Expert list;Illumina TruGenome Clinical Sequencing Services;London North GLH;NHS GMS;Radboud University Medical Center, Nijmegen;South West GLH;UKGTN	Hereditary neuropathy	Motor and Sensory Disorders of the PNS	Neurology and neurodevelopmental disorders	BIALLELIC, autosomal or pseudoautosomal	Hereditary Sensory and Autonomic Neuropathy, Type II; Pseudohypoaldosteronism, type IIC, 614492;Hereditary Sensory and Autonomic Neuropathy, Type II ;Neuropathy, hereditary sensory and autonomic, type II, 201300;Pseudohypoaldosteronism, type IIC, 614492				15060842		False	4	86;14;0	1.79	True		ENSG00000060237	ENSG00000060237	HGNC:14540													
YARS	gene	YARS	Emory Genetics Laboratory;Expert Review Green;Expert list;Illumina TruGenome Clinical Sequencing Services;London North GLH;NHS GMS;Radboud University Medical Center, Nijmegen;South West GLH;UKGTN	Hereditary neuropathy	Motor and Sensory Disorders of the PNS	Neurology and neurodevelopmental disorders	MONOALLELIC, autosomal or pseudoautosomal, imprinted status unknown	Charcot Marie Tooth disease, dominant intermediate C, 608323;Charcot Marie Tooth disease, dominant intermediate C, 608323 				16429158;19561293		False	4	86;14;0	1.79	True		ENSG00000134684	ENSG00000134684	HGNC:12840													
SYT2	gene	SYT2	Expert Review Amber;Expert list;London North GLH;NHS GMS;South West GLH	Hereditary neuropathy	Motor and Sensory Disorders of the PNS	Neurology and neurodevelopmental disorders		Myasthenic syndrome, congenital, 7, presynaptic				26519543;30533528		False	2	50;50;0	1.79	False		ENSG00000143858	ENSG00000143858	HGNC:11510													
ABCC9	gene	ABCC9	Emory Genetics Laboratory;NHS GMS;South West GLH	Hereditary neuropathy	Motor and Sensory Disorders of the PNS	Neurology and neurodevelopmental disorders		Cardiomyopathy						False	1	0;67;33	1.79	False		ENSG00000069431	ENSG00000069431	HGNC:60													
ACTC1	gene	ACTC1	Emory Genetics Laboratory;NHS GMS;South West GLH	Hereditary neuropathy	Motor and Sensory Disorders of the PNS	Neurology and neurodevelopmental disorders		Cardiomyopathy						False	1	0;67;33	1.79	False		ENSG00000159251	ENSG00000159251	HGNC:143													
ACTN2	gene	ACTN2	Emory Genetics Laboratory;NHS GMS;South West GLH	Hereditary neuropathy	Motor and Sensory Disorders of the PNS	Neurology and neurodevelopmental disorders		Cardiomyopathy						False	1	0;67;33	1.79	False		ENSG00000077522	ENSG00000077522	HGNC:164													
ALDH3A2	gene	ALDH3A2	Emory Genetics Laboratory;NHS GMS;South West GLH	Hereditary neuropathy	Motor and Sensory Disorders of the PNS	Neurology and neurodevelopmental disorders		Hereditary Neuropathies						False	1	0;67;33	1.79	False		ENSG00000072210	ENSG00000072210	HGNC:403													
ANKRD1	gene	ANKRD1	Emory Genetics Laboratory;NHS GMS;South West GLH	Hereditary neuropathy	Motor and Sensory Disorders of the PNS	Neurology and neurodevelopmental disorders		Cardiomyopathy						False	1	0;67;33	1.79	False		ENSG00000148677	ENSG00000148677	HGNC:15819													
ATP1A1	gene	ATP1A1	London North GLH;NHS GMS	Hereditary neuropathy	Motor and Sensory Disorders of the PNS	Neurology and neurodevelopmental disorders		Charcot-Marie-Tooth disease, axonal, type 2DD, 618036				29499166		False	1	50;50;0	1.79	False		ENSG00000163399	ENSG00000163399	HGNC:799													
BAG3	gene	BAG3	Emory Genetics Laboratory;Expert Review Red;NHS GMS;South West GLH;UKGTN	Hereditary neuropathy	Motor and Sensory Disorders of the PNS	Neurology and neurodevelopmental disorders	MONOALLELIC, autosomal or pseudoautosomal, imprinted status unknown	Myopathy, myofibrillar, 6 612954;Cardiomyopathy, dilated, 1HH, 613881				28754666;22734908		False	1	40;40;20	1.79	True		ENSG00000151929	ENSG00000151929	HGNC:939													
BRAF	gene	BRAF	Emory Genetics Laboratory;NHS GMS;South West GLH	Hereditary neuropathy	Motor and Sensory Disorders of the PNS	Neurology and neurodevelopmental disorders		Cardiomyopathy						False	1	0;67;33	1.79	False		ENSG00000157764	ENSG00000157764	HGNC:1097													
CACNB4	gene	CACNB4	Emory Genetics Laboratory;NHS GMS;South West GLH	Hereditary neuropathy	Motor and Sensory Disorders of the PNS	Neurology and neurodevelopmental disorders		Hereditary Neuropathies						False	1	0;67;33	1.79	False		ENSG00000182389	ENSG00000182389	HGNC:1404													
CASQ2	gene	CASQ2	Emory Genetics Laboratory;NHS GMS;South West GLH	Hereditary neuropathy	Motor and Sensory Disorders of the PNS	Neurology and neurodevelopmental disorders		Cardiomyopathy						False	1	0;67;33	1.79	False		ENSG00000118729	ENSG00000118729	HGNC:1513													
CAV3	gene	CAV3	Emory Genetics Laboratory;NHS GMS;South West GLH	Hereditary neuropathy	Motor and Sensory Disorders of the PNS	Neurology and neurodevelopmental disorders		Cardiomyopathy						False	1	0;33;67	1.79	False		ENSG00000182533	ENSG00000182533	HGNC:1529													
CCT5	gene	CCT5	Expert Review Red;Expert list;Illumina TruGenome Clinical Sequencing Services;London North GLH;NHS GMS;Radboud University Medical Center, Nijmegen;South West GLH;UKGTN	Hereditary neuropathy	Motor and Sensory Disorders of the PNS	Neurology and neurodevelopmental disorders	BIALLELIC, autosomal or pseudoautosomal	Neuropathy, hereditary sensory, with spastic paraplegia, 256840;Sensory Neuropathy with Spastic Paraplegia ;Sensory Neuropathy with Spastic Paraplegia;Neuropathy, hereditary sensory, with spastic paraplegia, 256840 				16399879		False	1	0;33;67	1.79	True		ENSG00000150753	ENSG00000150753	HGNC:1618													
CLTCL1	gene	CLTCL1	Expert Review;Expert Review Red;NHS GMS;South West GLH	Hereditary neuropathy	Motor and Sensory Disorders of the PNS	Neurology and neurodevelopmental disorders	BIALLELIC, autosomal or pseudoautosomal					26068709		False	1	0;25;75	1.79	True		ENSG00000070371	ENSG00000070371	HGNC:2093													
CNTNAP1	gene	CNTNAP1	London North GLH;NHS GMS	Hereditary neuropathy	Motor and Sensory Disorders of the PNS	Neurology and neurodevelopmental disorders								False	1	50;50;0	1.79	False		ENSG00000108797	ENSG00000108797	HGNC:8011													
COQ8A	gene	COQ8A	Emory Genetics Laboratory;NHS GMS;South West GLH	Hereditary neuropathy	Motor and Sensory Disorders of the PNS	Neurology and neurodevelopmental disorders		Hereditary Neuropathies						False	1	0;33;67	1.79	False		ENSG00000163050	ENSG00000163050	HGNC:16812													
CRYAB	gene	CRYAB	Emory Genetics Laboratory;NHS GMS;South West GLH	Hereditary neuropathy	Motor and Sensory Disorders of the PNS	Neurology and neurodevelopmental disorders		Cardiomyopathy						False	1	0;33;67	1.79	False		ENSG00000109846	ENSG00000109846	HGNC:2389													
CSRP3	gene	CSRP3	Emory Genetics Laboratory;NHS GMS;South West GLH	Hereditary neuropathy	Motor and Sensory Disorders of the PNS	Neurology and neurodevelopmental disorders		Cardiomyopathy						False	1	0;33;67	1.79	False		ENSG00000129170	ENSG00000129170	HGNC:2472													
CTDP1	gene	CTDP1	Emory Genetics Laboratory;Expert Review Red;Expert list;NHS GMS;South West GLH;UKGTN	Hereditary neuropathy	Motor and Sensory Disorders of the PNS	Neurology and neurodevelopmental disorders	BIALLELIC, autosomal or pseudoautosomal	Congenital cataract, facial dysmorphism and demyelinating neuropathy (CCFDN)				14517542;24690360;16194727		False	1	80;20;0	1.79	True		ENSG00000060069	ENSG00000060069	HGNC:2498													
DCAF8	gene	DCAF8	Expert Review;Expert Review Red;NHS GMS;South West GLH	Hereditary neuropathy	Motor and Sensory Disorders of the PNS	Neurology and neurodevelopmental disorders	MONOALLELIC, autosomal or pseudoautosomal, NOT imprinted	?Giant axonal neuropathy 2, autosomal dominant, 610100				24500646		False	1	0;25;75	1.79	True		ENSG00000132716	ENSG00000132716	HGNC:24891													
DCTN1	gene	DCTN1	Emory Genetics Laboratory;Expert Review Red;Expert list;London North GLH;NHS GMS;South West GLH;UKGTN	Hereditary neuropathy	Motor and Sensory Disorders of the PNS	Neurology and neurodevelopmental disorders	MONOALLELIC, autosomal or pseudoautosomal, imprinted status unknown	{Amyotrophic lateral sclerosis, susceptibility to}, 105400;Neuropathy, distal hereditary motor, type VIIB 607641;Perry syndrome, 168605				28251916;24627108;27025386		False	1	67;17;17	1.79	False		ENSG00000204843	ENSG00000204843	HGNC:2711													
DES	gene	DES	Emory Genetics Laboratory;NHS GMS;South West GLH	Hereditary neuropathy	Motor and Sensory Disorders of the PNS	Neurology and neurodevelopmental disorders		Cardiomyopathy						False	1	0;33;67	1.79	False		ENSG00000175084	ENSG00000175084	HGNC:2770													
DHH	gene	DHH	NHS GMS;South West GLH;UKGTN	Hereditary neuropathy	Motor and Sensory Disorders of the PNS	Neurology and neurodevelopmental disorders								False	1	0;67;33	1.79	False		ENSG00000139549	ENSG00000139549	HGNC:2865													
DHTKD1	gene	DHTKD1	NHS GMS;Radboud University Medical Center, Nijmegen;South West GLH	Hereditary neuropathy	Motor and Sensory Disorders of the PNS	Neurology and neurodevelopmental disorders		Charcot Marie Tooth disease, axonal, type 2Q, 615025;2 aminoadipic 2 oxoadipic aciduria, 204750;2 aminoadipic 2 oxoadipic aciduria, 204750						False	1	0;20;80	1.79	False		ENSG00000181192	ENSG00000181192	HGNC:23537													
DMD	gene	DMD	Emory Genetics Laboratory;NHS GMS;South West GLH	Hereditary neuropathy	Motor and Sensory Disorders of the PNS	Neurology and neurodevelopmental disorders		Cardiomyopathy						False	1	0;33;67	1.79	False		ENSG00000198947	ENSG00000198947	HGNC:2928													
DNAJB2	gene	DNAJB2	Emory Genetics Laboratory;Expert Review Red;Expert list;London North GLH;NHS GMS;South West GLH	Hereditary neuropathy	Motor and Sensory Disorders of the PNS	Neurology and neurodevelopmental disorders		Hereditary Neuropathies				26752306;25274842		False	1	50;50;0	1.79	False		ENSG00000135924	ENSG00000135924	HGNC:5228													
DRP2	gene	DRP2	Expert Review;Expert Review Red;NHS GMS;South West GLH	Hereditary neuropathy	Motor and Sensory Disorders of the PNS	Neurology and neurodevelopmental disorders	X-LINKED: hemizygous mutation in males, biallelic mutations in females					29473052;26227883		False	1	0;50;50	1.79	True		ENSG00000102385	ENSG00000102385	HGNC:3032													
DSC2	gene	DSC2	Emory Genetics Laboratory;NHS GMS;South West GLH	Hereditary neuropathy	Motor and Sensory Disorders of the PNS	Neurology and neurodevelopmental disorders		Cardiomyopathy						False	1	0;67;33	1.79	False		ENSG00000134755	ENSG00000134755	HGNC:3036													
DSG2	gene	DSG2	Emory Genetics Laboratory;NHS GMS;South West GLH	Hereditary neuropathy	Motor and Sensory Disorders of the PNS	Neurology and neurodevelopmental disorders		Cardiomyopathy						False	1	0;67;33	1.79	False		ENSG00000046604	ENSG00000046604	HGNC:3049													
DSP	gene	DSP	Emory Genetics Laboratory;NHS GMS;South West GLH	Hereditary neuropathy	Motor and Sensory Disorders of the PNS	Neurology and neurodevelopmental disorders		Cardiomyopathy						False	1	0;67;33	1.79	False		ENSG00000096696	ENSG00000096696	HGNC:3052													
DST	gene	DST	Expert Review Red;Illumina TruGenome Clinical Sequencing Services;NHS GMS;Radboud University Medical Center, Nijmegen;South West GLH	Hereditary neuropathy	Motor and Sensory Disorders of the PNS	Neurology and neurodevelopmental disorders	BIALLELIC, autosomal or pseudoautosomal	Hereditary Sensory and Autonomic Neuropathy, Type VI;?Neuropathy, hereditary sensory and autonomic, type VI				30371979;28468842		False	1	20;20;60	1.79	True		ENSG00000151914	ENSG00000151914	HGNC:1090													
DTNA	gene	DTNA	Emory Genetics Laboratory;NHS GMS;South West GLH	Hereditary neuropathy	Motor and Sensory Disorders of the PNS	Neurology and neurodevelopmental disorders		Cardiomyopathy						False	1	0;67;33	1.79	False		ENSG00000134769	ENSG00000134769	HGNC:3057													
EMD	gene	EMD	Emory Genetics Laboratory;NHS GMS;South West GLH	Hereditary neuropathy	Motor and Sensory Disorders of the PNS	Neurology and neurodevelopmental disorders		Cardiomyopathy						False	1	0;33;67	1.79	False		ENSG00000102119	ENSG00000102119	HGNC:3331													
FBXO38	gene	FBXO38	Expert Review;Expert Review Red;London North GLH;NHS GMS;South West GLH	Hereditary neuropathy	Motor and Sensory Disorders of the PNS	Neurology and neurodevelopmental disorders	MONOALLELIC, autosomal or pseudoautosomal, NOT imprinted	Neuronopathy, distal hereditary motor, type IID, 615575				24207122		False	1	60;40;0	1.79	False		ENSG00000145868	ENSG00000145868	HGNC:28844													
FGF14	gene	FGF14	Emory Genetics Laboratory;NHS GMS;South West GLH	Hereditary neuropathy	Motor and Sensory Disorders of the PNS	Neurology and neurodevelopmental disorders		Hereditary Neuropathies						False	1	0;67;33	1.79	False		ENSG00000102466	ENSG00000102466	HGNC:3671													
FKTN	gene	FKTN	Emory Genetics Laboratory;NHS GMS;South West GLH	Hereditary neuropathy	Motor and Sensory Disorders of the PNS	Neurology and neurodevelopmental disorders		Cardiomyopathy						False	1	0;33;67	1.79	False		ENSG00000106692	ENSG00000106692	HGNC:3622													
FXN	gene	FXN	Emory Genetics Laboratory;Expert Review Red;London North GLH;NHS GMS;South West GLH	Hereditary neuropathy	Motor and Sensory Disorders of the PNS	Neurology and neurodevelopmental disorders		Hereditary Neuropathies						False	1	60;20;20	1.79	False		ENSG00000165060	ENSG00000165060	HGNC:3951													
GAA	gene	GAA	Emory Genetics Laboratory;Expert Review Red;NHS GMS;South West GLH	Hereditary neuropathy	Motor and Sensory Disorders of the PNS	Neurology and neurodevelopmental disorders	BIALLELIC, autosomal or pseudoautosomal	Cardiomyopathy				24627108		False	1	33;33;33	1.79	False		ENSG00000171298	ENSG00000171298	HGNC:4065													
GATAD1	gene	GATAD1	Emory Genetics Laboratory;NHS GMS;South West GLH	Hereditary neuropathy	Motor and Sensory Disorders of the PNS	Neurology and neurodevelopmental disorders		Cardiomyopathy						False	1	0;67;33	1.79	False		ENSG00000157259	ENSG00000157259	HGNC:29941													
GNB4	gene	GNB4	Expert Review Red;London North GLH;NHS GMS;Radboud University Medical Center, Nijmegen;South West GLH	Hereditary neuropathy	Motor and Sensory Disorders of the PNS	Neurology and neurodevelopmental disorders	MONOALLELIC, autosomal or pseudoautosomal, NOT imprinted	Charcot Marie Tooth disease, dominant intermediate F, 615185;Charcot Marie Tooth disease, dominant intermediate F, 615185 				28642160;27908631;23434117		False	1	67;33;0	1.79	False		ENSG00000114450	ENSG00000114450	HGNC:20731													
HADHA	gene	HADHA	Expert Review Red;Expert list;NHS GMS;South West GLH	Hereditary neuropathy	Motor and Sensory Disorders of the PNS	Neurology and neurodevelopmental disorders	BIALLELIC, autosomal or pseudoautosomal							False	1	33;33;33	1.79	False		ENSG00000084754	ENSG00000084754	HGNC:4801													
HADHB	gene	HADHB	Expert list;NHS GMS;South West GLH	Hereditary neuropathy	Motor and Sensory Disorders of the PNS	Neurology and neurodevelopmental disorders								False	1	33;33;33	1.79	False		ENSG00000138029	ENSG00000138029	HGNC:4803													
HOXD10	gene	HOXD10	Emory Genetics Laboratory;Expert Review Red;Expert list;NHS GMS;Radboud University Medical Center, Nijmegen;South West GLH;UKGTN	Hereditary neuropathy	Motor and Sensory Disorders of the PNS	Neurology and neurodevelopmental disorders	MONOALLELIC, autosomal or pseudoautosomal, imprinted status unknown	Charcot Marie Tooth disease, foot deformity of, 192950 ;Charcot Marie Tooth disease, foot deformity of, 192950				15146389		False	1	0;67;33	1.79	False		ENSG00000128710	ENSG00000128710	HGNC:5133													
HRAS	gene	HRAS	Emory Genetics Laboratory;NHS GMS;South West GLH	Hereditary neuropathy	Motor and Sensory Disorders of the PNS	Neurology and neurodevelopmental disorders		Cardiomyopathy						False	1	0;67;33	1.79	False		ENSG00000174775	ENSG00000174775	HGNC:5173													
HSPB3	gene	HSPB3	Expert Review Red;Expert list;London North GLH;NHS GMS;South West GLH;UKGTN	Hereditary neuropathy	Motor and Sensory Disorders of the PNS	Neurology and neurodevelopmental disorders	MONOALLELIC, autosomal or pseudoautosomal, imprinted status unknown	?Neuronopathy, distal hereditary motor, type IIC, 613376				27549087;20142617		False	1	17;17;67	1.79	True		ENSG00000169271	ENSG00000169271	HGNC:5248													
ITPR1	gene	ITPR1	Emory Genetics Laboratory;NHS GMS;South West GLH	Hereditary neuropathy	Motor and Sensory Disorders of the PNS	Neurology and neurodevelopmental disorders		Hereditary Neuropathies						False	1	0;67;33	1.79	False		ENSG00000150995	ENSG00000150995	HGNC:6180													
JPH2	gene	JPH2	Emory Genetics Laboratory;NHS GMS;South West GLH	Hereditary neuropathy	Motor and Sensory Disorders of the PNS	Neurology and neurodevelopmental disorders		Cardiomyopathy						False	1	0;67;33	1.79	False		ENSG00000149596	ENSG00000149596	HGNC:14202													
JUP	gene	JUP	Emory Genetics Laboratory;NHS GMS;South West GLH	Hereditary neuropathy	Motor and Sensory Disorders of the PNS	Neurology and neurodevelopmental disorders		Cardiomyopathy						False	1	0;67;33	1.79	False		ENSG00000173801	ENSG00000173801	HGNC:6207													
KARS	gene	KARS	Expert Review Red;Expert list;Illumina TruGenome Clinical Sequencing Services;NHS GMS;Radboud University Medical Center, Nijmegen;South West GLH;UKGTN	Hereditary neuropathy	Motor and Sensory Disorders of the PNS	Neurology and neurodevelopmental disorders	BOTH monoallelic and biallelic, autosomal or pseudoautosomal	 Charcot-Marie-Tooth, Intermediate (Dominant).;Charcot-Marie-Tooth, Intermediate (Dominant); Deafness, autosomal recessive 89, 613916 ; Deafness, autosomal recessive 89, 613916;Charcot Marie Tooth disease, recessive intermediate, B, 613641;Deafness, autosomal recessive 89, 613916				23768514;25476837;20920668		False	1	17;33;50	1.79	False		ENSG00000065427	ENSG00000065427	HGNC:6215													
KCNA1	gene	KCNA1	Emory Genetics Laboratory;NHS GMS;South West GLH	Hereditary neuropathy	Motor and Sensory Disorders of the PNS	Neurology and neurodevelopmental disorders		Hereditary Neuropathies						False	1	0;67;33	1.79	False		ENSG00000111262	ENSG00000111262	HGNC:6218													
KCNC3	gene	KCNC3	Emory Genetics Laboratory;NHS GMS;South West GLH	Hereditary neuropathy	Motor and Sensory Disorders of the PNS	Neurology and neurodevelopmental disorders		Hereditary Neuropathies						False	1	0;67;33	1.79	False		ENSG00000131398	ENSG00000131398	HGNC:6235													
KIF1B	gene	KIF1B	Emory Genetics Laboratory;Expert Review Red;Expert list;Illumina TruGenome Clinical Sequencing Services;NHS GMS;Radboud University Medical Center, Nijmegen;South West GLH;UKGTN	Hereditary neuropathy	Motor and Sensory Disorders of the PNS	Neurology and neurodevelopmental disorders	MONOALLELIC, autosomal or pseudoautosomal, imprinted status unknown	Charcot Marie Tooth disease, type 2A1, 118210				11389829;25802885		False	1	17;33;50	1.79	True		ENSG00000054523	ENSG00000054523	HGNC:16636													
KRAS	gene	KRAS	Emory Genetics Laboratory;NHS GMS;South West GLH	Hereditary neuropathy	Motor and Sensory Disorders of the PNS	Neurology and neurodevelopmental disorders		Cardiomyopathy						False	1	0;67;33	1.79	False		ENSG00000133703	ENSG00000133703	HGNC:6407													
L1CAM	gene	L1CAM	Emory Genetics Laboratory;NHS GMS;South West GLH	Hereditary neuropathy	Motor and Sensory Disorders of the PNS	Neurology and neurodevelopmental disorders		Hereditary Neuropathies						False	1	0;67;33	1.79	False		ENSG00000198910	ENSG00000198910	HGNC:6470													
LAMA4	gene	LAMA4	Emory Genetics Laboratory;NHS GMS;South West GLH	Hereditary neuropathy	Motor and Sensory Disorders of the PNS	Neurology and neurodevelopmental disorders		Cardiomyopathy						False	1	0;67;33	1.79	False		ENSG00000112769	ENSG00000112769	HGNC:6484													
LAMP2	gene	LAMP2	Emory Genetics Laboratory;NHS GMS;South West GLH	Hereditary neuropathy	Motor and Sensory Disorders of the PNS	Neurology and neurodevelopmental disorders		Cardiomyopathy						False	1	0;67;33	1.79	False		ENSG00000005893	ENSG00000005893	HGNC:6501													
LAS1L	gene	LAS1L	Expert Review;Expert Review Red;NHS GMS;South West GLH	Hereditary neuropathy	Motor and Sensory Disorders of the PNS	Neurology and neurodevelopmental disorders	X-LINKED: hemizygous mutation in males, monoallelic mutations in females may cause disease (may be less severe, later onset than males)					24647030		False	1	0;25;75	1.79	False		ENSG00000001497	ENSG00000001497	HGNC:25726													
LDB3	gene	LDB3	Emory Genetics Laboratory;NHS GMS;South West GLH	Hereditary neuropathy	Motor and Sensory Disorders of the PNS	Neurology and neurodevelopmental disorders		Cardiomyopathy						False	1	0;67;33	1.79	False		ENSG00000122367	ENSG00000122367	HGNC:15710													
MAP2K1	gene	MAP2K1	Emory Genetics Laboratory;NHS GMS;South West GLH	Hereditary neuropathy	Motor and Sensory Disorders of the PNS	Neurology and neurodevelopmental disorders		Cardiomyopathy						False	1	0;67;33	1.79	False		ENSG00000169032	ENSG00000169032	HGNC:6840													
MAP2K2	gene	MAP2K2	Emory Genetics Laboratory;NHS GMS;South West GLH	Hereditary neuropathy	Motor and Sensory Disorders of the PNS	Neurology and neurodevelopmental disorders		Cardiomyopathy						False	1	0;67;33	1.79	False		ENSG00000126934	ENSG00000126934	HGNC:6842													
MARS	gene	MARS	Expert Review;Expert Review Red;London North GLH;NHS GMS;South West GLH	Hereditary neuropathy	Motor and Sensory Disorders of the PNS	Neurology and neurodevelopmental disorders	MONOALLELIC, autosomal or pseudoautosomal, NOT imprinted	Charcot-Marie-Tooth disease, axonal, type 2U, 616280				23729695;29655802		False	1	0;40;60	1.79	True		ENSG00000166986	ENSG00000166986	HGNC:6898													
MCM3AP	gene	MCM3AP	London North GLH;NHS GMS	Hereditary neuropathy	Motor and Sensory Disorders of the PNS	Neurology and neurodevelopmental disorders								False	1	67;33;0	1.79	False		ENSG00000160294	ENSG00000160294	HGNC:6946													
MED25	gene	MED25	Emory Genetics Laboratory;Expert Review Red;Expert list;Illumina TruGenome Clinical Sequencing Services;NHS GMS;Radboud University Medical Center, Nijmegen;South West GLH;UKGTN	Hereditary neuropathy	Motor and Sensory Disorders of the PNS	Neurology and neurodevelopmental disorders	BIALLELIC, autosomal or pseudoautosomal	Charcot Marie Tooth disease, type 2B2, 605589;Charcot Marie Tooth disease, type 2B2, 605589 				19290556		False	1	33;17;50	1.79	True		ENSG00000104973	ENSG00000104973	HGNC:28845													
MRE11	gene	MRE11	Emory Genetics Laboratory;NHS GMS;South West GLH	Hereditary neuropathy	Motor and Sensory Disorders of the PNS	Neurology and neurodevelopmental disorders		Hereditary Neuropathies						False	1	0;67;33	1.79	False		ENSG00000020922	ENSG00000020922	HGNC:7230													
MTTP	gene	MTTP	Emory Genetics Laboratory;NHS GMS;South West GLH	Hereditary neuropathy	Motor and Sensory Disorders of the PNS	Neurology and neurodevelopmental disorders		Hereditary Neuropathies						False	1	0;67;33	1.79	False		ENSG00000138823	ENSG00000138823	HGNC:7467													
MYBPC3	gene	MYBPC3	Emory Genetics Laboratory;NHS GMS;South West GLH	Hereditary neuropathy	Motor and Sensory Disorders of the PNS	Neurology and neurodevelopmental disorders		Cardiomyopathy						False	1	0;67;33	1.79	False		ENSG00000134571	ENSG00000134571	HGNC:7551													
MYH14	gene	MYH14	Expert Review;Expert Review Red;NHS GMS;South West GLH	Hereditary neuropathy	Motor and Sensory Disorders of the PNS	Neurology and neurodevelopmental disorders	MONOALLELIC, autosomal or pseudoautosomal, NOT imprinted	?Peripheral neuropathy, myopathy, hoarseness, and hearing loss, 614369				21480433;27875632;30373780		False	1	0;25;75	1.79	True		ENSG00000105357	ENSG00000105357	HGNC:23212													
MYH6	gene	MYH6	Emory Genetics Laboratory;NHS GMS;South West GLH	Hereditary neuropathy	Motor and Sensory Disorders of the PNS	Neurology and neurodevelopmental disorders		Cardiomyopathy						False	1	0;67;33	1.79	False		ENSG00000197616	ENSG00000197616	HGNC:7576													
MYH7	gene	MYH7	Emory Genetics Laboratory;NHS GMS;South West GLH	Hereditary neuropathy	Motor and Sensory Disorders of the PNS	Neurology and neurodevelopmental disorders		Cardiomyopathy						False	1	0;33;67	1.79	False		ENSG00000092054	ENSG00000092054	HGNC:7577													
MYL2	gene	MYL2	Emory Genetics Laboratory;NHS GMS;South West GLH	Hereditary neuropathy	Motor and Sensory Disorders of the PNS	Neurology and neurodevelopmental disorders		Cardiomyopathy						False	1	0;33;67	1.79	False		ENSG00000111245	ENSG00000111245	HGNC:7583													
MYL3	gene	MYL3	Emory Genetics Laboratory;NHS GMS;South West GLH	Hereditary neuropathy	Motor and Sensory Disorders of the PNS	Neurology and neurodevelopmental disorders		Cardiomyopathy						False	1	0;33;67	1.79	False		ENSG00000160808	ENSG00000160808	HGNC:7584													
MYOZ2	gene	MYOZ2	Emory Genetics Laboratory;NHS GMS;South West GLH	Hereditary neuropathy	Motor and Sensory Disorders of the PNS	Neurology and neurodevelopmental disorders		Cardiomyopathy						False	1	0;67;33	1.79	False		ENSG00000172399	ENSG00000172399	HGNC:1330													
MYPN	gene	MYPN	Emory Genetics Laboratory;NHS GMS;South West GLH	Hereditary neuropathy	Motor and Sensory Disorders of the PNS	Neurology and neurodevelopmental disorders		Cardiomyopathy						False	1	0;67;33	1.79	False		ENSG00000138347	ENSG00000138347	HGNC:23246													
NAGLU	gene	NAGLU	Expert Review;Expert Review Red;NHS GMS;South West GLH	Hereditary neuropathy	Motor and Sensory Disorders of the PNS	Neurology and neurodevelopmental disorders	MONOALLELIC, autosomal or pseudoautosomal, NOT imprinted	?Charcot-Marie-Tooth disease, axonal, type 2V, 616491				25818867		False	1	0;50;50	1.79	True		ENSG00000108784	ENSG00000108784	HGNC:7632													
NEBL	gene	NEBL	Emory Genetics Laboratory;NHS GMS;South West GLH	Hereditary neuropathy	Motor and Sensory Disorders of the PNS	Neurology and neurodevelopmental disorders		Cardiomyopathy						False	1	0;33;67	1.79	False		ENSG00000078114	ENSG00000078114	HGNC:16932													
NEFH	gene	NEFH	London North GLH;NHS GMS	Hereditary neuropathy	Motor and Sensory Disorders of the PNS	Neurology and neurodevelopmental disorders								False	1	67;33;0	1.79	False		ENSG00000100285	ENSG00000100285	HGNC:7737													
NEXN	gene	NEXN	Emory Genetics Laboratory;NHS GMS;South West GLH	Hereditary neuropathy	Motor and Sensory Disorders of the PNS	Neurology and neurodevelopmental disorders		Cardiomyopathy						False	1	0;67;33	1.79	False		ENSG00000162614	ENSG00000162614	HGNC:29557													
NIPA1	gene	NIPA1	Emory Genetics Laboratory;NHS GMS;South West GLH	Hereditary neuropathy	Motor and Sensory Disorders of the PNS	Neurology and neurodevelopmental disorders	MONOALLELIC, autosomal or pseudoautosomal, imprinted status unknown	Hereditary Neuropathies;Spastic paraplegia 6, autosomal dominant				22302102;21419568;15643603;15711826;14508710		False	1	33;33;33	1.79	False		ENSG00000170113	ENSG00000170113	HGNC:17043													
NRAS	gene	NRAS	Emory Genetics Laboratory;NHS GMS;South West GLH	Hereditary neuropathy	Motor and Sensory Disorders of the PNS	Neurology and neurodevelopmental disorders		Cardiomyopathy						False	1	0;67;33	1.79	False		ENSG00000213281	ENSG00000213281	HGNC:7989													
PDK3	gene	PDK3	Expert Review Red;NHS GMS;Radboud University Medical Center, Nijmegen;South West GLH	Hereditary neuropathy	Motor and Sensory Disorders of the PNS	Neurology and neurodevelopmental disorders	X-LINKED: hemizygous mutation in males, monoallelic mutations in females may cause disease (may be less severe, later onset than males)	?Charcot Marie Tooth disease, X linked dominant, 6, 300905;?Charcot Marie Tooth disease, X linked dominant, 6, 300905 				26801680;23297365		False	1	20;40;40	1.79	False		ENSG00000067992	ENSG00000067992	HGNC:8811													
PDLIM3	gene	PDLIM3	Emory Genetics Laboratory;NHS GMS;South West GLH	Hereditary neuropathy	Motor and Sensory Disorders of the PNS	Neurology and neurodevelopmental disorders		Cardiomyopathy						False	1	0;67;33	1.79	False		ENSG00000154553	ENSG00000154553	HGNC:20767													
PKP2	gene	PKP2	Emory Genetics Laboratory;NHS GMS;South West GLH	Hereditary neuropathy	Motor and Sensory Disorders of the PNS	Neurology and neurodevelopmental disorders		Cardiomyopathy						False	1	0;67;33	1.79	False		ENSG00000057294	ENSG00000057294	HGNC:9024													
PLN	gene	PLN	Emory Genetics Laboratory;NHS GMS;South West GLH	Hereditary neuropathy	Motor and Sensory Disorders of the PNS	Neurology and neurodevelopmental disorders		Cardiomyopathy						False	1	0;67;33	1.79	False		ENSG00000198523	ENSG00000198523	HGNC:9080													
PLP1	gene	PLP1	Emory Genetics Laboratory;Expert Review Red;NHS GMS;South West GLH	Hereditary neuropathy	Motor and Sensory Disorders of the PNS	Neurology and neurodevelopmental disorders	X-LINKED: hemizygous mutation in males, biallelic mutations in females	Hereditary Neuropathies						False	1	33;33;33	1.79	False		ENSG00000123560	ENSG00000123560	HGNC:9086													
PMP2	gene	PMP2	London North GLH;NHS GMS	Hereditary neuropathy	Motor and Sensory Disorders of the PNS	Neurology and neurodevelopmental disorders								False	1	50;50;0	1.79	False		ENSG00000147588	ENSG00000147588	HGNC:9117													
PNPLA6	gene	PNPLA6	Emory Genetics Laboratory;NHS GMS;South West GLH	Hereditary neuropathy	Motor and Sensory Disorders of the PNS	Neurology and neurodevelopmental disorders		Hereditary Neuropathies						False	1	0;67;33	1.79	False		ENSG00000032444	ENSG00000032444	HGNC:16268													
PRKAG2	gene	PRKAG2	Emory Genetics Laboratory;NHS GMS;South West GLH	Hereditary neuropathy	Motor and Sensory Disorders of the PNS	Neurology and neurodevelopmental disorders		Cardiomyopathy						False	1	0;67;33	1.79	False		ENSG00000106617	ENSG00000106617	HGNC:9386													
PRKCG	gene	PRKCG	Emory Genetics Laboratory;NHS GMS;South West GLH	Hereditary neuropathy	Motor and Sensory Disorders of the PNS	Neurology and neurodevelopmental disorders		Hereditary Neuropathies				26633542		False	1	0;67;33	1.79	False		ENSG00000126583	ENSG00000126583	HGNC:9402													
PTPN11	gene	PTPN11	Emory Genetics Laboratory;NHS GMS;South West GLH	Hereditary neuropathy	Motor and Sensory Disorders of the PNS	Neurology and neurodevelopmental disorders		Cardiomyopathy						False	1	0;67;33	1.79	False		ENSG00000179295	ENSG00000179295	HGNC:9644													
RAF1	gene	RAF1	Emory Genetics Laboratory;NHS GMS;South West GLH	Hereditary neuropathy	Motor and Sensory Disorders of the PNS	Neurology and neurodevelopmental disorders		Cardiomyopathy						False	1	0;67;33	1.79	False		ENSG00000132155	ENSG00000132155	HGNC:9829													
RBM20	gene	RBM20	Emory Genetics Laboratory;NHS GMS;South West GLH	Hereditary neuropathy	Motor and Sensory Disorders of the PNS	Neurology and neurodevelopmental disorders		Cardiomyopathy						False	1	0;67;33	1.79	False		ENSG00000203867	ENSG00000203867	HGNC:27424													
RIT1	gene	RIT1	Emory Genetics Laboratory;NHS GMS;South West GLH	Hereditary neuropathy	Motor and Sensory Disorders of the PNS	Neurology and neurodevelopmental disorders		Cardiomyopathy						False	1	0;67;33	1.79	False		ENSG00000143622	ENSG00000143622	HGNC:10023													
RYR2	gene	RYR2	Emory Genetics Laboratory;NHS GMS;South West GLH	Hereditary neuropathy	Motor and Sensory Disorders of the PNS	Neurology and neurodevelopmental disorders		Cardiomyopathy						False	1	0;67;33	1.79	False		ENSG00000198626	ENSG00000198626	HGNC:10484													
SBF1	gene	SBF1	Expert Review;Expert Review Red;London North GLH;NHS GMS;South West GLH	Hereditary neuropathy	Motor and Sensory Disorders of the PNS	Neurology and neurodevelopmental disorders	BIALLELIC, autosomal or pseudoautosomal	Charcot-Marie-Tooth disease, type 4B3, 615284				28005197;23749797;21210780;24799518		False	1	67;33;0	1.79	False		ENSG00000100241	ENSG00000100241	HGNC:10542													
SCN10A	gene	SCN10A	London North GLH;NHS GMS	Hereditary neuropathy	Motor and Sensory Disorders of the PNS	Neurology and neurodevelopmental disorders								False	1	50;50;0	1.79	False		ENSG00000185313	ENSG00000185313	HGNC:10582													
SCN5A	gene	SCN5A	Emory Genetics Laboratory;NHS GMS;South West GLH	Hereditary neuropathy	Motor and Sensory Disorders of the PNS	Neurology and neurodevelopmental disorders		Cardiomyopathy						False	1	0;67;33	1.79	False		ENSG00000183873	ENSG00000183873	HGNC:10593													
SGCD	gene	SGCD	Emory Genetics Laboratory;NHS GMS;South West GLH	Hereditary neuropathy	Motor and Sensory Disorders of the PNS	Neurology and neurodevelopmental disorders		Cardiomyopathy						False	1	0;33;67	1.79	False		ENSG00000170624	ENSG00000170624	HGNC:10807													
SIL1	gene	SIL1	Emory Genetics Laboratory;NHS GMS;South West GLH	Hereditary neuropathy	Motor and Sensory Disorders of the PNS	Neurology and neurodevelopmental disorders		Hereditary Neuropathies						False	1	0;33;67	1.79	False		ENSG00000120725	ENSG00000120725	HGNC:24624													
SLC1A3	gene	SLC1A3	Emory Genetics Laboratory;NHS GMS;South West GLH	Hereditary neuropathy	Motor and Sensory Disorders of the PNS	Neurology and neurodevelopmental disorders		Hereditary Neuropathies						False	1	0;67;33	1.79	False		ENSG00000079215	ENSG00000079215	HGNC:10941													
SLC52A1	gene	SLC52A1	Expert Review Red;Expert list;London North GLH;NHS GMS;South West GLH	Hereditary neuropathy	Motor and Sensory Disorders of the PNS	Neurology and neurodevelopmental disorders	MONOALLELIC, autosomal or pseudoautosomal, imprinted status unknown	dHMN; Riboflavin deficiency;Riboflavin deficiency						False	1	0;33;67	1.79	False		ENSG00000132517	ENSG00000132517	HGNC:30225													
SLC5A7	gene	SLC5A7	Expert Review;Expert Review Red;London North GLH;NHS GMS;South West GLH	Hereditary neuropathy	Motor and Sensory Disorders of the PNS	Neurology and neurodevelopmental disorders	MONOALLELIC, autosomal or pseudoautosomal, NOT imprinted	Neuronopathy, distal hereditary motor, type VIIA				29782645;23141292		False	1	60;40;0	1.79	False		ENSG00000115665	ENSG00000115665	HGNC:14025													
SOS1	gene	SOS1	Emory Genetics Laboratory;NHS GMS;South West GLH	Hereditary neuropathy	Motor and Sensory Disorders of the PNS	Neurology and neurodevelopmental disorders		Cardiomyopathy						False	1	0;67;33	1.79	False		ENSG00000115904	ENSG00000115904	HGNC:11187													
SOX10	gene	SOX10	Expert list;NHS GMS;South West GLH;UKGTN	Hereditary neuropathy	Motor and Sensory Disorders of the PNS	Neurology and neurodevelopmental disorders	MONOALLELIC, autosomal or pseudoautosomal, imprinted status unknown	Waardenburg syndrome, type 4C, 613266;PCWH syndrome, 609136;Waardenburg syndrome, type 2E, with or without neurologic involvement, 611584				21898658		False	1	0;100;0	1.79	False		ENSG00000100146	ENSG00000100146	HGNC:11190													
SPART	gene	SPART	Emory Genetics Laboratory;NHS GMS;South West GLH	Hereditary neuropathy	Motor and Sensory Disorders of the PNS	Neurology and neurodevelopmental disorders		Hereditary Neuropathies						False	1	0;67;33	1.79	False		ENSG00000133104	ENSG00000133104	HGNC:18514													
SPG21	gene	SPG21	Emory Genetics Laboratory;NHS GMS;South West GLH	Hereditary neuropathy	Motor and Sensory Disorders of the PNS	Neurology and neurodevelopmental disorders		Hereditary Neuropathies						False	1	0;67;33	1.79	False		ENSG00000090487	ENSG00000090487	HGNC:20373													
SPG7	gene	SPG7	Emory Genetics Laboratory;NHS GMS;South West GLH	Hereditary neuropathy	Motor and Sensory Disorders of the PNS	Neurology and neurodevelopmental disorders		Hereditary Neuropathies						False	1	0;33;67	1.79	False		ENSG00000197912	ENSG00000197912	HGNC:11237													
SPTBN2	gene	SPTBN2	Emory Genetics Laboratory;NHS GMS;South West GLH	Hereditary neuropathy	Motor and Sensory Disorders of the PNS	Neurology and neurodevelopmental disorders		Hereditary Neuropathies				28333917		False	1	0;67;33	1.79	False		ENSG00000173898	ENSG00000173898	HGNC:11276													
SURF1	gene	SURF1	London North GLH;NHS GMS	Hereditary neuropathy	Motor and Sensory Disorders of the PNS	Neurology and neurodevelopmental disorders								False	1	50;50;0	1.79	False		ENSG00000148290	ENSG00000148290	HGNC:11474													
TAZ	gene	TAZ	Emory Genetics Laboratory;NHS GMS;South West GLH	Hereditary neuropathy	Motor and Sensory Disorders of the PNS	Neurology and neurodevelopmental disorders		Cardiomyopathy						False	1	0;33;67	1.79	False		ENSG00000102125	ENSG00000102125	HGNC:11577													
TCAP	gene	TCAP	Emory Genetics Laboratory;NHS GMS;South West GLH	Hereditary neuropathy	Motor and Sensory Disorders of the PNS	Neurology and neurodevelopmental disorders		Cardiomyopathy						False	1	0;33;67	1.79	False		ENSG00000173991	ENSG00000173991	HGNC:11610													
TDP1	gene	TDP1	Emory Genetics Laboratory;Expert Review Red;Expert list;NHS GMS;South West GLH;UKGTN	Hereditary neuropathy	Motor and Sensory Disorders of the PNS	Neurology and neurodevelopmental disorders	BIALLELIC, autosomal or pseudoautosomal	Hereditary Neuropathies				12244316		False	1	33;33;33	1.79	False		ENSG00000042088	ENSG00000042088	HGNC:18884													
TMEM43	gene	TMEM43	Emory Genetics Laboratory;NHS GMS;South West GLH	Hereditary neuropathy	Motor and Sensory Disorders of the PNS	Neurology and neurodevelopmental disorders		Cardiomyopathy						False	1	0;67;33	1.79	False		ENSG00000170876	ENSG00000170876	HGNC:28472													
TNNC1	gene	TNNC1	Emory Genetics Laboratory;NHS GMS;South West GLH	Hereditary neuropathy	Motor and Sensory Disorders of the PNS	Neurology and neurodevelopmental disorders		Cardiomyopathy						False	1	0;33;67	1.79	False		ENSG00000114854	ENSG00000114854	HGNC:11943													
TNNI3	gene	TNNI3	Emory Genetics Laboratory;NHS GMS;South West GLH	Hereditary neuropathy	Motor and Sensory Disorders of the PNS	Neurology and neurodevelopmental disorders		Cardiomyopathy						False	1	0;33;67	1.79	False		ENSG00000129991	ENSG00000129991	HGNC:11947													
TNNT2	gene	TNNT2	Emory Genetics Laboratory;NHS GMS;South West GLH	Hereditary neuropathy	Motor and Sensory Disorders of the PNS	Neurology and neurodevelopmental disorders	MONOALLELIC, autosomal or pseudoautosomal, imprinted status unknown	Cardiomyopathy						False	1	33;33;33	1.79	False		ENSG00000118194	ENSG00000118194	HGNC:11949													
TPM1	gene	TPM1	Emory Genetics Laboratory;NHS GMS;South West GLH	Hereditary neuropathy	Motor and Sensory Disorders of the PNS	Neurology and neurodevelopmental disorders		Cardiomyopathy						False	1	0;67;33	1.79	False		ENSG00000140416	ENSG00000140416	HGNC:12010													
TRIM2	gene	TRIM2	Expert Review;Expert Review Red;London North GLH;NHS GMS;South West GLH	Hereditary neuropathy	Motor and Sensory Disorders of the PNS	Neurology and neurodevelopmental disorders	BIALLELIC, autosomal or pseudoautosomal	Charcot-Marie-Tooth disease, type 2R, 615490				23562820;25893792;18687884		False	1	60;40;0	1.79	False		ENSG00000109654	ENSG00000109654	HGNC:15974													
TRPA1	gene	TRPA1	London North GLH;NHS GMS	Hereditary neuropathy	Motor and Sensory Disorders of the PNS	Neurology and neurodevelopmental disorders								False	1	50;50;0	1.79	False		ENSG00000104321	ENSG00000104321	HGNC:497													
TTBK2	gene	TTBK2	Emory Genetics Laboratory;NHS GMS;South West GLH	Hereditary neuropathy	Motor and Sensory Disorders of the PNS	Neurology and neurodevelopmental disorders		Hereditary Neuropathies						False	1	0;67;33	1.79	False		ENSG00000128881	ENSG00000128881	HGNC:19141													
TTN	gene	TTN	Emory Genetics Laboratory;NHS GMS;South West GLH	Hereditary neuropathy	Motor and Sensory Disorders of the PNS	Neurology and neurodevelopmental disorders		Cardiomyopathy						False	1	0;33;67	1.79	False		ENSG00000155657	ENSG00000155657	HGNC:12403													
TTPA	gene	TTPA	Emory Genetics Laboratory;NHS GMS;South West GLH	Hereditary neuropathy	Motor and Sensory Disorders of the PNS	Neurology and neurodevelopmental disorders		Hereditary Neuropathies						False	1	0;67;33	1.79	False		ENSG00000137561	ENSG00000137561	HGNC:12404													
TWNK	gene	TWNK	Emory Genetics Laboratory;Expert Review Red;NHS GMS;South West GLH;UKGTN	Hereditary neuropathy	Motor and Sensory Disorders of the PNS	Neurology and neurodevelopmental disorders		Hereditary Neuropathies						False	1	0;33;67	1.79	True		ENSG00000107815	ENSG00000107815	HGNC:1160													
VCL	gene	VCL	Emory Genetics Laboratory;NHS GMS;South West GLH	Hereditary neuropathy	Motor and Sensory Disorders of the PNS	Neurology and neurodevelopmental disorders		Cardiomyopathy						False	1	0;67;33	1.79	False		ENSG00000035403	ENSG00000035403	HGNC:12665													
WARS	gene	WARS	London North GLH;NHS GMS	Hereditary neuropathy	Motor and Sensory Disorders of the PNS	Neurology and neurodevelopmental disorders								False	1	67;33;0	1.79	False		ENSG00000140105	ENSG00000140105	HGNC:12729													
WASHC5	gene	WASHC5	Emory Genetics Laboratory;NHS GMS;South West GLH	Hereditary neuropathy	Motor and Sensory Disorders of the PNS	Neurology and neurodevelopmental disorders		Hereditary Neuropathies				27164712		False	1	0;67;33	1.79	False		ENSG00000164961	ENSG00000164961	HGNC:28984													
ZFYVE26	gene	ZFYVE26	Emory Genetics Laboratory;NHS GMS;South West GLH	Hereditary neuropathy	Motor and Sensory Disorders of the PNS	Neurology and neurodevelopmental disorders		Hereditary Neuropathies						False	1	0;67;33	1.79	False		ENSG00000072121	ENSG00000072121	HGNC:20761													
ZFYVE27	gene	ZFYVE27	Emory Genetics Laboratory;NHS GMS;South West GLH	Hereditary neuropathy	Motor and Sensory Disorders of the PNS	Neurology and neurodevelopmental disorders		Hereditary Neuropathies						False	1	0;67;33	1.79	False		ENSG00000155256	ENSG00000155256	HGNC:26559													
ATXN10_ATTCT	str	ATXN10	Expert Review Green;Expert Review	Hereditary neuropathy	Motor and Sensory Disorders of the PNS	Neurology and neurodevelopmental disorders	MONOALLELIC, autosomal or pseudoautosomal, NOT imprinted	Spinocerebellar ataxia 10 603516						False	3	100;0;0	1.79	True		ENSG00000130638	ENSG00000130638	HGNC:10549	22	46191235	46191304	45795355	45795424	ATTCT	32	800					
ATXN1_CAG	str	ATXN1	Expert Review Green;Expert Review	Hereditary neuropathy	Motor and Sensory Disorders of the PNS	Neurology and neurodevelopmental disorders	MONOALLELIC, autosomal or pseudoautosomal, NOT imprinted	Spinocerebellar ataxia 1 164400						False	3	100;0;0	1.79	True		ENSG00000124788	ENSG00000124788	HGNC:10548	6	16327867	16327953	16327636	16327722	CAG	35	44					
ATXN2_CAG	str	ATXN2	Expert Review Green;Expert Review	Hereditary neuropathy	Motor and Sensory Disorders of the PNS	Neurology and neurodevelopmental disorders	MONOALLELIC, autosomal or pseudoautosomal, NOT imprinted	Spinocerebellar ataxia 2 183090						False	3	100;0;0	1.79	True		ENSG00000204842	ENSG00000204842	HGNC:10555	12	112036755	112036823	111598951	111599019	CAG	31	33					
ATXN3_CAG	str	ATXN3	Expert Review Green;Expert Review	Hereditary neuropathy	Motor and Sensory Disorders of the PNS	Neurology and neurodevelopmental disorders	MONOALLELIC, autosomal or pseudoautosomal, NOT imprinted	Machado-Joseph disease 109150						False	3	100;0;0	1.79	True		ENSG00000066427	ENSG00000066427	HGNC:7106	14	92537355	92537396	92071011	92071052	CAG	44	60					
FXN_GAA	str	FXN	Expert Review Green;Expert Review	Hereditary neuropathy	Motor and Sensory Disorders of the PNS	Neurology and neurodevelopmental disorders	BIALLELIC, autosomal or pseudoautosomal	Friedreich ataxia 229300						False	3	100;0;0	1.79	True		ENSG00000165060	ENSG00000165060	HGNC:3951	9	71652203	71652220	69037287	69037304	GAA	44	66					
ISCA-37436-Gain	region		Expert Review Green;ClinGen	Hereditary neuropathy	Motor and Sensory Disorders of the PNS	Neurology and neurodevelopmental disorders	MONOALLELIC, autosomal or pseudoautosomal, imprinted status unknown	118220;Charcot-Marie-Tooth neuropathy type 1;distal muscle weakness and atrophy, sensory loss, and slow nerve conduction velocity. It is usually slowly progressive and often associated with pes cavus foot deformity and bilateral foot drop;hereditary neuropathy				20301384		False	4	100;0;0	1.79	False					17			14194598	15567587					3	80	cnv_gain	17p12 recurrent (HNPP/CMT1A) region (includes PMP22) Gain
ISCA-37436-Loss	region		Expert Review Green;ClinGen	Hereditary neuropathy	Motor and Sensory Disorders of the PNS	Neurology and neurodevelopmental disorders	MONOALLELIC, autosomal or pseudoautosomal, imprinted status unknown	162500;Charcot-Marie-Tooth disease, type 1A;muscle weakness;repeated focal pressure neuropathies such as carpal tunnel syndrome and peroneal palsy with foot drop;Neuropathy, recurrent, with pressure palsies;mild to moderate peripheral neuropathy				20301566		False	4	100;0;0	1.79	False					17			14194598	15567587				3		80	cnv_loss	17p12 recurrent (HNPP/CMT1A) region (includes PMP22) Loss
