Entity Name	Entity type	Gene Symbol	Sources(; separated)	Level4	Level3	Level2	Model_Of_Inheritance	Phenotypes	Omim	Orphanet	HPO	Publications	Description	Flagged	GEL_Status	UserRatings_Green_amber_red	version	ready	Mode of pathogenicity	EnsemblId(GRch37)	EnsemblId(GRch38)	HGNC	Position Chromosome	Position GRCh37 Start	Position GRCh37 End	Position GRCh38 Start	Position GRCh38 End	STR Repeated Sequence	STR Normal Repeats	STR Pathogenic Repeats	Region Haploinsufficiency Score	Region Triplosensitivity Score	Region Required Overlap Percentage	Region Variant Type	Region Verbose Name
AAAS	gene	AAAS	Expert Review Green;Hereditary ataxia v1.148;NHS GMS;Wessex and West Midlands GLH	Hereditary ataxia - adult onset			BIALLELIC, autosomal or pseudoautosomal	Achalasia-addisonianism-alacrimia syndrome, 231550;Triple A syndrome, 231550						False	4	50;50;0	1.154	False		ENSG00000094914	ENSG00000094914	HGNC:13666													
ABCB7	gene	ABCB7	Expert Review Green;Hereditary ataxia v1.148;NHS GMS;Wessex and West Midlands GLH	Hereditary ataxia - adult onset			X-LINKED: hemizygous mutation in males, monoallelic mutations in females may cause disease (may be less severe, later onset than males)	Anemia, sideroblastic, with ataxia;Anemia, sideroblast with ataxia, 300135;Sideroblastic Anemia and Ataxia						False	4	50;50;0	1.154	False		ENSG00000131269	ENSG00000131269	HGNC:48													
ABHD12	gene	ABHD12	Expert Review Green;Hereditary ataxia v1.148;London North GMS;NHS GMS;Wessex and West Midlands GLH	Hereditary ataxia - adult onset			BIALLELIC, autosomal or pseudoautosomal	Polyneuropathy, hearing loss, ataxia, retinitis pigmentosa, and cataract;Polyneuropathy, Hearing Loss, Ataxia, Retinitis Pigmentosa and Cataract (PHARC);Polyneuropathy, hearing loss, ataxia, retinitis pigmentosa and cataract, 612674						False	4	67;33;0	1.154	False		ENSG00000100997	ENSG00000100997	HGNC:15868													
ADCY5	gene	ADCY5	Brain channelopathy v1.46;Expert Review Green;London North GMS;NHS GMS;Wessex and West Midlands GLH	Hereditary ataxia - adult onset			MONOALLELIC, autosomal or pseudoautosomal, NOT imprinted	Familial dyskinesia 606703;Dyskinesia with facial myokymia				11310626;24700542		False	4	67;33;0	1.154	False		ENSG00000173175	ENSG00000173175	HGNC:236													
AFG3L2	gene	AFG3L2	Expert Review Green;Hereditary ataxia v1.148;London North GMS;NHS GMS;Wessex and West Midlands GLH	Hereditary ataxia - adult onset			BOTH monoallelic and biallelic, autosomal or pseudoautosomal	Spinocerebellar ataxia 28, 610246;Ataxia, spastic, 5, autosomal recessive;spastic ataxia 5, 614487;Spinocerebellar ataxia 28;Spinocerebellar Ataxia, Dominant						False	4	67;33;0	1.154	False	Other - please provide details in the comments	ENSG00000141385	ENSG00000141385	HGNC:315													
AMPD2	gene	AMPD2	Expert Review Green;Hereditary ataxia v1.148;NHS GMS;Wessex and West Midlands GLH	Hereditary ataxia - adult onset			BIALLELIC, autosomal or pseudoautosomal	Pontocerebellar hyoplasia 9, 615809;Pontocerebellar hypoplasia 9 (#615809);Spastic paraplegia homozygous frameshift reported in single family (Novarino et al, 2014).				24482476		False	4	50;50;0	1.154	False		ENSG00000116337	ENSG00000116337	HGNC:469													
ANO10	gene	ANO10	Expert Review Green;Hereditary ataxia v1.148;London North GMS;NHS GMS;Wessex and West Midlands GLH	Hereditary ataxia - adult onset			BIALLELIC, autosomal or pseudoautosomal	Spinocerebellar ataxia autosomal recessive type 10, 613728;Spinocerebellar ataxia, autosomal recessive 10						False	4	67;33;0	1.154	False		ENSG00000160746	ENSG00000160746	HGNC:25519													
AP1S2	gene	AP1S2	Expert Review Green;Hereditary ataxia v1.148;NHS GMS;Wessex and West Midlands GLH	Hereditary ataxia - adult onset			X-LINKED: hemizygous mutation in males, monoallelic mutations in females may cause disease (may be less severe, later onset than males)	Mental retardation, X-linked syndromic 5, 304340;Pettigrew syndrome						False	4	50;50;0	1.154	False		ENSG00000182287	ENSG00000182287	HGNC:560													
APTX	gene	APTX	Expert Review Green;Hereditary ataxia v1.148;NHS GMS;Wessex and West Midlands GLH	Hereditary ataxia - adult onset			BIALLELIC, autosomal or pseudoautosomal	Ataxia, early-onset, with oculomotor apraxia and hypoalbuminemia;Ataxia with Oculomotor Apraxia;Early onset ataxia with oculomotor apraxia and hypoalbuminemia						False	4	50;50;0	1.154	False		ENSG00000137074	ENSG00000137074	HGNC:15984													
ARMC9	gene	ARMC9	Expert Review Green;London North GMS;NHS GMS	Hereditary ataxia - adult onset										False	4	50;50;0	1.154	False		ENSG00000135931	ENSG00000135931	HGNC:20730													
ARSA	gene	ARSA	Expert Review Green;Hereditary ataxia v1.148;London North GMS;NHS GMS;Wessex and West Midlands GLH	Hereditary ataxia - adult onset			BIALLELIC, autosomal or pseudoautosomal	Metachromatic leukodystrophy (#250100);Metachromatic Leukodystrophy, 250100						False	4	33;33;33	1.154	False		ENSG00000100299	ENSG00000100299	HGNC:713													
ATCAY	gene	ATCAY	Expert Review Green;Hereditary ataxia v1.148;London North GMS;NHS GMS;Wessex and West Midlands GLH	Hereditary ataxia - adult onset			BIALLELIC, autosomal or pseudoautosomal	Cerebellar Ataxia, Cayman type;Cayman Ataxia, 601238;Ataxia, cerebellar, Cayman type						False	4	67;33;0	1.154	False		ENSG00000167654	ENSG00000167654	HGNC:779													
ATM	gene	ATM	Expert Review Green;Hereditary ataxia v1.148;NHS GMS;Wessex and West Midlands GLH	Hereditary ataxia - adult onset			BIALLELIC, autosomal or pseudoautosomal	Ataxia-telangiectasia, 607585;Ataxia-Telangiectasia						False	4	50;50;0	1.154	False		ENSG00000149311	ENSG00000149311	HGNC:795													
ATP1A2	gene	ATP1A2	Brain channelopathy v1.46;Expert Review Green;London North GMS;NHS GMS;Wessex and West Midlands GLH	Hereditary ataxia - adult onset			MONOALLELIC, autosomal or pseudoautosomal, NOT imprinted	Alternating hemiplegia of childhood 1, 104290;Familial hemiplegic migraine 2, 602481				12539047;12953268;18056581		False	4	33;67;0	1.154	False		ENSG00000018625	ENSG00000018625	HGNC:800													
ATP1A3	gene	ATP1A3	Brain channelopathy v1.46;Expert Review Green;Hereditary ataxia v1.148;London North GMS;NHS GMS;Wessex and West Midlands GLH	Hereditary ataxia - adult onset			MONOALLELIC, autosomal or pseudoautosomal, NOT imprinted	Cerebellar ataxia, areflexia, pes cavus, optic atrophy and sensorineural hearing loss (CAPOS, #601338);Alternating hemiplegia of childhood 2, 614820;Dystonia-12, 128235;Alternating hemiplegia of childhood 2 (#614820) and Dystonia 12 (#128235);ALTERNATING HEMIPLEGIA OF CHILDHOOD 2, 614820;CAPOS syndrome, 601338;DYSTONIA 12, 128235				22842232;22850527		False	4	67;33;0	1.154	False		ENSG00000105409	ENSG00000105409	HGNC:801													
ATP7B	gene	ATP7B	Brain channelopathy v1.46;Expert Review Green;London North GMS;NHS GMS;Wessex and West Midlands GLH	Hereditary ataxia - adult onset			BIALLELIC, autosomal or pseudoautosomal	Wilson disease 277900;Wilson disease, 277900				20301685		False	4	67;33;0	1.154	False		ENSG00000123191	ENSG00000123191	HGNC:870													
ATXN8	gene	ATXN8	Expert Review Green;Hereditary ataxia v1.148;London North GMS;NHS GMS	Hereditary ataxia - adult onset			MONOALLELIC, autosomal or pseudoautosomal, NOT imprinted	Spinocerebellar ataxia 8 608768				10192387		False	4	50;50;0	1.154	False	Other - please provide details in the comments	-	-	HGNC:32925													
CA8	gene	CA8	Expert Review Green;Hereditary ataxia v1.148;NHS GMS;Wessex and West Midlands GLH	Hereditary ataxia - adult onset			BIALLELIC, autosomal or pseudoautosomal	Cerebellar ataxia and mental retardation with or without quadrupedal locomotion 3;Cerebellar ataxia and mental retardation with or without quadrupedal locomotion 3, 613227						False	4	50;50;0	1.154	False		ENSG00000178538	ENSG00000178538	HGNC:1382													
CACNA1A	gene	CACNA1A	Brain channelopathy v1.46;Expert Review Green;Hereditary ataxia v1.148;London North GMS;NHS GMS;Wessex and West Midlands GLH	Hereditary ataxia - adult onset			MONOALLELIC, autosomal or pseudoautosomal, NOT imprinted	SCA6, 183086;familial hemiplegic migraine type 1, 141500;Episodic ataxia, type 2;Spinocerebellar ataxia 6;Familial hemiplegic migraine 1, 141500;Episodic ataxia type 2, 108500;Migraine, familial hemiplegic, 1, with progressive cerebellar ataxia;episodic ataxia type 2 (EA2),108500				17575281;21734179		False	4	67;33;0	1.154	False		ENSG00000141837	ENSG00000141837	HGNC:1388													
CACNA1G	gene	CACNA1G	Expert Review Green;Hereditary ataxia v1.148;London North GMS;NHS GMS;Wessex and West Midlands GLH	Hereditary ataxia - adult onset			MONOALLELIC, autosomal or pseudoautosomal, imprinted status unknown	Spinocerebellar ataxia 42, 616795;early-onset SCA42 with neurodevelopmental deficits, 618087						False	4	67;33;0	1.154	False	Loss-of-function variants (as defined in pop up message) DO NOT cause this phenotype -please provide details in the comments	ENSG00000006283	ENSG00000006283	HGNC:1394													
CAMTA1	gene	CAMTA1	Expert Review Green;Hereditary ataxia v1.148;NHS GMS;Wessex and West Midlands GLH	Hereditary ataxia - adult onset			MONOALLELIC, autosomal or pseudoautosomal, imprinted status unknown	Cerebellar ataxia with mental retardation, 614756;Cerebellarataxia, nonprogressive, with mental retardation, 614756						False	4	50;50;0	1.154	False		ENSG00000171735	ENSG00000171735	HGNC:18806													
CASK	gene	CASK	Expert Review Green;Hereditary ataxia v1.148;NHS GMS;Wessex and West Midlands GLH	Hereditary ataxia - adult onset			X-LINKED: hemizygous mutation in males, monoallelic mutations in females may cause disease (may be less severe, later onset than males)	FG syndrome 4, 300422;Mental retardation and microcephaly with pontine and cerebellar hypoplasia, 300749						False	4	50;50;0	1.154	False		ENSG00000147044	ENSG00000147044	HGNC:1497													
CHMP1A	gene	CHMP1A	Expert Review Green;Hereditary ataxia v1.148;NHS GMS;Wessex and West Midlands GLH	Hereditary ataxia - adult onset			BIALLELIC, autosomal or pseudoautosomal	Pontocerebellar hypoplasia, type 8, 614961;Pontocerebellar hypoplasia type 8, 614961						False	4	50;50;0	1.154	False		ENSG00000131165	ENSG00000131165	HGNC:8740													
CLCN2	gene	CLCN2	Expert Review Green;Hereditary ataxia v1.148;London North GMS;NHS GMS;Wessex and West Midlands GLH	Hereditary ataxia - adult onset			BOTH monoallelic and biallelic, autosomal or pseudoautosomal	{Epilepsy, juvenile myoclonic, susceptibility to, 8}, 607628;{Epilepsy, idiopathic generalized, susceptibility to, 11}, 607628;Leukoencephalopathy with ataxia, 615651;{Epilepsy, juvenile absence, susceptibility to, 2}, 607628				23707145;19191339		False	4	67;33;0	1.154	False		ENSG00000114859	ENSG00000114859	HGNC:2020													
CLN6	gene	CLN6	Expert Review Green;Hereditary ataxia v1.148;London North GMS;NHS GMS;Wessex and West Midlands GLH	Hereditary ataxia - adult onset			BIALLELIC, autosomal or pseudoautosomal	Ceroid neuronal lipofuscinosis kufs type, 204300;Ceroid lipofuscinosis, neuronal, 6, 601780;Ceroid lipofuscinosis, neuronal, Kufs type, adult onset, 204300;Ceroid neuronal lipofuscinosis 6, 601780						False	4	67;33;0	1.154	False		ENSG00000128973	ENSG00000128973	HGNC:2077													
COQ8A	gene	COQ8A	Expert Review Green;Hereditary ataxia v1.148;NHS GMS;Wessex and West Midlands GLH	Hereditary ataxia - adult onset			BIALLELIC, autosomal or pseudoautosomal	Spinocerebellar Ataxia Type;Primary coenzyme Q10 deficiency 4, 612016;Coenzyme Q10 deficiency, primary 4, 612016						False	4	50;50;0	1.154	False		ENSG00000163050	ENSG00000163050	HGNC:16812													
COX20	gene	COX20	Expert Review Green;Hereditary ataxia v1.148;NHS GMS;Wessex and West Midlands GLH	Hereditary ataxia - adult onset			BIALLELIC, autosomal or pseudoautosomal	Mitochondrial complex IV deficiency, 220110;Mitochondrial complex IV deficiency						False	4	50;50;0	1.154	False		ENSG00000203667	ENSG00000203667	HGNC:26970													
CP	gene	CP	Expert Review Green;Hereditary ataxia v1.148;London North GMS;NHS GMS;Wessex and West Midlands GLH	Hereditary ataxia - adult onset			BIALLELIC, autosomal or pseudoautosomal	Hemosiderosis, systemic, due to aceruloplasminemia, 604290;Cerebellar ataxia, 604290;Aceruloplasminemia, 604290						False	4	67;33;0	1.154	False		ENSG00000047457	ENSG00000047457	HGNC:2295													
CWF19L1	gene	CWF19L1	Expert Review Green;Hereditary ataxia v1.148;NHS GMS;Wessex and West Midlands GLH	Hereditary ataxia - adult onset			BIALLELIC, autosomal or pseudoautosomal	Spinocerebellar ataxia, autosomal recessive 17, 616127;Autosomal recessive spinocerebellar ataxia type 17, 616127						False	4	50;50;0	1.154	False		ENSG00000095485	ENSG00000095485	HGNC:25613													
CYP27A1	gene	CYP27A1	Expert Review Green;Hereditary ataxia v1.148;London North GMS;NHS GMS;Wessex and West Midlands GLH	Hereditary ataxia - adult onset			BIALLELIC, autosomal or pseudoautosomal	Cerebrotendinous xanthomatosis, 213700						False	4	67;33;0	1.154	False		ENSG00000135929	ENSG00000135929	HGNC:2605													
CYP2U1	gene	CYP2U1	Expert Review Green;Hereditary ataxia v1.148;NHS GMS;Wessex and West Midlands GLH	Hereditary ataxia - adult onset			BIALLELIC, autosomal or pseudoautosomal	Spastic paraplegia type 56, 615030;Autosomal recessive spastic paraplegia 56 (#615030)   complex form of disorder, ataxia not yet identified in affected patients.						False	4	50;50;0	1.154	False		ENSG00000155016	ENSG00000155016	HGNC:20582													
DARS2	gene	DARS2	Expert Review Green;Hereditary ataxia v1.148;London North GMS;NHS GMS;Wessex and West Midlands GLH	Hereditary ataxia - adult onset			BIALLELIC, autosomal or pseudoautosomal	Leukoencephalopathy with brain stem and spinal cord involvement and lactate elevation;Leukoencephalopathy with brain stem and spinal cord involvement and lactate elevation, 611105						False	4	67;33;0	1.154	False		ENSG00000117593	ENSG00000117593	HGNC:25538													
DDHD2	gene	DDHD2	Expert Review Green;Hereditary ataxia v1.148;NHS GMS;Wessex and West Midlands GLH	Hereditary ataxia - adult onset			BIALLELIC, autosomal or pseudoautosomal	Spastic paraplegia 54;Autosomal recessive paraplegia 54 (#615033). Complex form of disease ataxia reported amongst the phenotypic features in Citterio et al. (2014), Journal of Neurology, 261, pp.373-381 and Doi et al. (2014), Scientific Reports, 4, 7132.						False	4	50;50;0	1.154	False		ENSG00000085788	ENSG00000085788	HGNC:29106													
DNAJC19	gene	DNAJC19	Expert Review Green;Hereditary ataxia v1.148;NHS GMS;Wessex and West Midlands GLH	Hereditary ataxia - adult onset			BIALLELIC, autosomal or pseudoautosomal	3-methylglutaconic aciduria, type V 610198;dilated cardiomyopathy with ataxia (DCMA) syndrome;3-methylglutaconic aciduria type V, 610198				27604308;16055927;27426421;22797137;27928778		False	4	50;50;0	1.154	False		ENSG00000205981	ENSG00000205981	HGNC:30528													
DNAJC5	gene	DNAJC5	Expert Review Green;Hereditary ataxia v1.148;London North GMS;NHS GMS;Wessex and West Midlands GLH	Hereditary ataxia - adult onset			MONOALLELIC, autosomal or pseudoautosomal, NOT imprinted	Ceroid neuronal lipofuscinosis 4, Parry type, 162350;Ceroid lipofuscinosis, neuronal, 4, Parry type 162350				27604308;21820099		False	4	33;67;0	1.154	False		ENSG00000101152	ENSG00000101152	HGNC:16235													
DNMT1	gene	DNMT1	Expert Review Green;Hereditary ataxia v1.148;London North GMS;NHS GMS;Wessex and West Midlands GLH	Hereditary ataxia - adult onset			MONOALLELIC, autosomal or pseudoautosomal, NOT imprinted	Cerebellar ataxia, deafness, and narcolepsy, autosomal dominant,;Cerebellar ataxia, deafness and narcolepsy, 604121;Hereditary sensory neuropathy type IE, 614116						False	4	67;33;0	1.154	False		ENSG00000130816	ENSG00000130816	HGNC:2976													
EIF2B1	gene	EIF2B1	Expert Review Green;Hereditary ataxia v1.148;London North GMS;NHS GMS;Wessex and West Midlands GLH	Hereditary ataxia - adult onset			BIALLELIC, autosomal or pseudoautosomal	Leukoencephalopathy with vanishing white matter, 603896;Childhood ataxia with central nervous system hypomyelination/vanishing white matter disease						False	4	67;33;0	1.154	False		ENSG00000111361	ENSG00000111361	HGNC:3257													
EIF2B2	gene	EIF2B2	Expert Review Green;Hereditary ataxia v1.148;London North GMS;NHS GMS;Wessex and West Midlands GLH	Hereditary ataxia - adult onset			BIALLELIC, autosomal or pseudoautosomal	Leukoencephalopathy with vanishing white matter, 603896;Childhood ataxia with central nervous system hypomyelination/vanishing white matter disease						False	4	67;33;0	1.154	False		ENSG00000119718	ENSG00000119718	HGNC:3258													
EIF2B3	gene	EIF2B3	Expert Review Green;Hereditary ataxia v1.148;London North GMS;NHS GMS;Wessex and West Midlands GLH	Hereditary ataxia - adult onset			BIALLELIC, autosomal or pseudoautosomal	Leukoencephalopathy with vanishing white matter, 603896;Childhood ataxia with central nervous system hypomyelination/vanishing white matter disease						False	4	67;33;0	1.154	False		ENSG00000070785	ENSG00000070785	HGNC:3259													
EIF2B4	gene	EIF2B4	Expert Review Green;Hereditary ataxia v1.148;London North GMS;NHS GMS;Wessex and West Midlands GLH	Hereditary ataxia - adult onset			BIALLELIC, autosomal or pseudoautosomal	Leukoencephalopathy with vanishing white matter, 603896;Childhood ataxia with central nervous system hypomyelination/vanishing white matter disease						False	4	67;33;0	1.154	False		ENSG00000115211	ENSG00000115211	HGNC:3260													
EIF2B5	gene	EIF2B5	Expert Review Green;Hereditary ataxia v1.148;London North GMS;NHS GMS;Wessex and West Midlands GLH	Hereditary ataxia - adult onset			BIALLELIC, autosomal or pseudoautosomal	Leukoencephalopathy with vanishing white matter, 603896;Childhood ataxia with central nervous system hypomyelination/vanishing white matter disease						False	4	67;33;0	1.154	False		ENSG00000145191	ENSG00000145191	HGNC:3261													
ELOVL4	gene	ELOVL4	Expert Review Green;Hereditary ataxia v1.148;London North GMS;NHS GMS;Wessex and West Midlands GLH	Hereditary ataxia - adult onset			MONOALLELIC, autosomal or pseudoautosomal, imprinted status unknown	Spinocerebellar ataxia 34, 133190;Spinocerebellar ataxia 34 133190				24566826;26010696		False	4	67;33;0	1.154	False		ENSG00000118402	ENSG00000118402	HGNC:14415													
EPM2A	gene	EPM2A	Expert Review Green;Hereditary ataxia v1.148;London North GMS;NHS GMS;Wessex and West Midlands GLH	Hereditary ataxia - adult onset			BIALLELIC, autosomal or pseudoautosomal	Progressive myoclonic epilepsy 2A, Lafora, 254780;Epilepsy, progressive myoclonic 2A (Lafora) 254780				27604308;14722920;10932264		False	4	33;33;33	1.154	False		ENSG00000112425	ENSG00000112425	HGNC:3413													
EXOSC3	gene	EXOSC3	Expert Review Green;Hereditary ataxia v1.148;NHS GMS;Wessex and West Midlands GLH	Hereditary ataxia - adult onset			BIALLELIC, autosomal or pseudoautosomal	Pontocerebellar hypoplasia type 1B, 614678;Pontocerebellar hypoplasia, type 1B, 614678						False	4	50;50;0	1.154	False		ENSG00000107371	ENSG00000107371	HGNC:17944													
FGF14	gene	FGF14	Expert Review Green;Hereditary ataxia v1.148;London North GMS;NHS GMS;Wessex and West Midlands GLH	Hereditary ataxia - adult onset			MONOALLELIC, autosomal or pseudoautosomal, imprinted status unknown	Spinocerebellar ataxia 27;Spinocerebellar ataxia type 27, 609307						False	4	67;33;0	1.154	False		ENSG00000102466	ENSG00000102466	HGNC:3671													
FLVCR1	gene	FLVCR1	Expert Review Green;Hereditary ataxia v1.148;NHS GMS;Wessex and West Midlands GLH	Hereditary ataxia - adult onset			BIALLELIC, autosomal or pseudoautosomal	Posterior Column Ataxia with Retinitis Pigmentosa;Posterior column ataxia with retinitis pigmentosa, 609033;Ataxia, posterior column, with retinitis pigmentosa,						False	4	50;50;0	1.154	False		ENSG00000162769	ENSG00000162769	HGNC:24682													
FMR1	gene	FMR1	Expert Review Green;Hereditary ataxia v1.148;London North GMS;NHS GMS;Wessex and West Midlands GLH	Hereditary ataxia - adult onset			X-LINKED: hemizygous mutation in males, monoallelic mutations in females may cause disease (may be less severe, later onset than males)	FragileXtremor/ataxiasyndrome,300623;Fragile X tremor/ataxia syndrome;FMR1-related disorders include fragile X syndrome, fragile X-associated tremor/ataxia syndrome (FXTAS), and FMR1-related premature ovarian insufficiency (POI);males with a tremor phenotype						False	4	33;67;0	1.154	False		ENSG00000102081	ENSG00000102081	HGNC:3775													
FOLR1	gene	FOLR1	Expert Review Green;Hereditary ataxia v1.148;NHS GMS;Wessex and West Midlands GLH	Hereditary ataxia - adult onset			BIALLELIC, autosomal or pseudoautosomal	Neurodegeneration due to cerebral folate transport deficiency, 613068;Neurodegeneration due to cerebral folate transport deficiency						False	4	50;50;0	1.154	False		ENSG00000110195	ENSG00000110195	HGNC:3791													
FXN	gene	FXN	Expert Review Green;Hereditary ataxia v1.148;London North GMS;NHS GMS;Wessex and West Midlands GLH	Hereditary ataxia - adult onset			BIALLELIC, autosomal or pseudoautosomal	Friedreichataxia, 229300;Friedreich ataxia, 229300;Friedreich ataxia with retained reflexes,229300						False	4	67;33;0	1.154	False		ENSG00000165060	ENSG00000165060	HGNC:3951													
GBA2	gene	GBA2	Expert Review Green;Hereditary ataxia v1.148;London North GMS;NHS GMS;Wessex and West Midlands GLH	Hereditary ataxia - adult onset			BIALLELIC, autosomal or pseudoautosomal	Spastic paraplegia 46, 614409;Spastic paraplegia 46, autosomal recessive, 614409				23332916		False	4	67;33;0	1.154	False		ENSG00000070610	ENSG00000070610	HGNC:18986													
GFAP	gene	GFAP	Expert Review Green;Hereditary ataxia v1.148;London North GMS;NHS GMS;Wessex and West Midlands GLH	Hereditary ataxia - adult onset			MONOALLELIC, autosomal or pseudoautosomal, imprinted status unknown	Autosomal Dominant Ataxia;Alexander disease;Alexander disease, 203450						False	4	67;33;0	1.154	False		ENSG00000131095	ENSG00000131095	HGNC:4235													
GJC2	gene	GJC2	Expert Review Green;Hereditary ataxia v1.148;London North GMS;NHS GMS;Wessex and West Midlands GLH	Hereditary ataxia - adult onset			BIALLELIC, autosomal or pseudoautosomal	Leukodystrophy, hypomyelinating, 2;Spastic paraplegia 44, 613206;Hypomyelinating leukodystrophy 2, 608804;Autosomal Recessive Ataxia						False	4	67;33;0	1.154	False		ENSG00000198835	ENSG00000198835	HGNC:17494													
GLRA1	gene	GLRA1	Brain channelopathy v1.46;Expert Review Green;NHS GMS;Wessex and West Midlands GLH	Hereditary ataxia - adult onset			BOTH monoallelic and biallelic, autosomal or pseudoautosomal	Hyperekplexia 1, 149400;Hyperekplexia, hereditary 1, 149400				20301437		False	4	50;50;0	1.154	False		ENSG00000145888	ENSG00000145888	HGNC:4326													
GLRB	gene	GLRB	Brain channelopathy v1.46;Expert Review Green;NHS GMS;Wessex and West Midlands GLH	Hereditary ataxia - adult onset			BIALLELIC, autosomal or pseudoautosomal	Hyperekplexia 2, 614619				23238346;11929858;21391991		False	4	50;50;0	1.154	False		ENSG00000109738	ENSG00000109738	HGNC:4329													
GOSR2	gene	GOSR2	Expert Review Green;Hereditary ataxia v1.148;NHS GMS;Wessex and West Midlands GLH	Hereditary ataxia - adult onset			BIALLELIC, autosomal or pseudoautosomal	Epilepsy, progressive myoclonic 6, 614018;Progressive myoclonic epilepsy 6, 614018				24285620;20301317;21549339		False	4	50;50;0	1.154	False		ENSG00000108433	ENSG00000108433	HGNC:4431													
GPAA1	gene	GPAA1	Expert Review Green;Hereditary ataxia v1.148;NHS GMS;Wessex and West Midlands GLH	Hereditary ataxia - adult onset			BIALLELIC, autosomal or pseudoautosomal	Glycosylphosphatidylinositol biosynthesis defect 15, 617810				29100095;24896178		False	4	50;50;0	1.154	False		ENSG00000197858	ENSG00000197858	HGNC:4446													
GRID2	gene	GRID2	Expert Review Green;Hereditary ataxia v1.148;NHS GMS;Wessex and West Midlands GLH	Hereditary ataxia - adult onset			BIALLELIC, autosomal or pseudoautosomal	Spinocerebellar ataxia, autosomal recessive 18, 616204				25841024		False	4	50;50;0	1.154	False		ENSG00000152208	ENSG00000152208	HGNC:4576													
GRM1	gene	GRM1	Expert Review Green;Hereditary ataxia v1.148;London North GMS;NHS GMS;Wessex and West Midlands GLH	Hereditary ataxia - adult onset			BIALLELIC, autosomal or pseudoautosomal	Spinocerebellar ataxia, autosomal recessive 13;Spinocerebellar ataxia 44, 617691, autosomal recessive spinocerebellar ataxia type 13, 614831						False	4	67;33;0	1.154	False		ENSG00000152822	ENSG00000152822	HGNC:4593													
HEXA	gene	HEXA	Expert Review Green;Hereditary ataxia v1.148;London North GMS;NHS GMS;Wessex and West Midlands GLH	Hereditary ataxia - adult onset			BIALLELIC, autosomal or pseudoautosomal	Tay-Sachs disease, 272800;GM2-gangliosidosis, several forms, 272800						False	4	67;33;0	1.154	False		ENSG00000213614	ENSG00000213614	HGNC:4878													
HEXB	gene	HEXB	Expert Review Green;Hereditary ataxia v1.148;London North GMS;NHS GMS;Wessex and West Midlands GLH	Hereditary ataxia - adult onset			BIALLELIC, autosomal or pseudoautosomal	Sandhoff disease, infantile, juvenile, and adult forms, 268800;Sandhoff disease, 268800						False	4	67;33;0	1.154	False		ENSG00000049860	ENSG00000049860	HGNC:4879													
ITPR1	gene	ITPR1	Expert Review Green;Hereditary ataxia v1.148;London North GMS;NHS GMS;Wessex and West Midlands GLH	Hereditary ataxia - adult onset			MONOALLELIC, autosomal or pseudoautosomal, imprinted status unknown	Spinocerebellar ataxia 15, 606658;Gillespie syndrome, 206700;Spinocerebellar ataxia 15;Spinocerebellar ataxia 29;Spinocerebellar ataxia 29, 117360						False	4	67;33;0	1.154	False	Other - please provide details in the comments	ENSG00000150995	ENSG00000150995	HGNC:6180													
KCNA1	gene	KCNA1	Brain channelopathy v1.46;Expert Review Green;Hereditary ataxia v1.148;NHS GMS;Wessex and West Midlands GLH	Hereditary ataxia - adult onset			MONOALLELIC, autosomal or pseudoautosomal, imprinted status unknown	myokymia with periodic ataxia;Episodic ataxia/myokymia syndrome;EPISODIC ATAXIA, TYPE 1;Episodic ataxia/myokymia syndrome, 160120				17575281		False	4	50;50;0	1.154	False		ENSG00000111262	ENSG00000111262	HGNC:6218													
KCNC3	gene	KCNC3	Expert Review Green;Hereditary ataxia v1.148;London North GMS;NHS GMS;Wessex and West Midlands GLH	Hereditary ataxia - adult onset			MONOALLELIC, autosomal or pseudoautosomal, imprinted status unknown	Spinocerebellar ataxia 13, 605259;Spinocerebellar ataxia 13						False	4	67;33;0	1.154	False		ENSG00000131398	ENSG00000131398	HGNC:6235													
KCND3	gene	KCND3	Expert Review Green;Hereditary ataxia v1.148;London North GMS;NHS GMS;Wessex and West Midlands GLH	Hereditary ataxia - adult onset			MONOALLELIC, autosomal or pseudoautosomal, NOT imprinted	Spinocerebellar ataxia 19, 607346;Spinocerebellarataxia19, 607346						False	4	67;33;0	1.154	False		ENSG00000171385	ENSG00000171385	HGNC:6239													
KCNJ10	gene	KCNJ10	Expert Review Green;Hereditary ataxia v1.148;NHS GMS;Wessex and West Midlands GLH	Hereditary ataxia - adult onset			BIALLELIC, autosomal or pseudoautosomal	SESAME syndrome, 612780;Seizures, Sensorineural Deafness, Ataxia, Mental Retardation, and Electrolyte Imbalance Syndrome						False	4	50;50;0	1.154	False		ENSG00000177807	ENSG00000177807	HGNC:6256													
KCNQ2	gene	KCNQ2	Brain channelopathy v1.46;Expert Review Green;NHS GMS;Wessex and West Midlands GLH	Hereditary ataxia - adult onset			MONOALLELIC, autosomal or pseudoautosomal, NOT imprinted	Early infantile encephalopathy 7, 613720;Myokymia, 121200						False	4	50;50;0	1.154	False		ENSG00000075043	ENSG00000075043	HGNC:6296													
KCNQ3	gene	KCNQ3	Brain channelopathy v1.46;Expert Review Green;NHS GMS;Wessex and West Midlands GLH	Hereditary ataxia - adult onset			MONOALLELIC, autosomal or pseudoautosomal, NOT imprinted	Seizures, benign neonatal, type 2, 121201;Benign neonatal seizures 2, 121201						False	4	0;100;0	1.154	False		ENSG00000184156	ENSG00000184156	HGNC:6297													
KIF1C	gene	KIF1C	Expert Review Green;Hereditary ataxia v1.148;NHS GMS;Wessex and West Midlands GLH	Hereditary ataxia - adult onset			BIALLELIC, autosomal or pseudoautosomal	Spastic ataxia 2,autosomal recessive;Autosomal recessive spastic ataxia 2, 611302						False	4	50;50;0	1.154	False		ENSG00000129250	ENSG00000129250	HGNC:6317													
MARS2	gene	MARS2	Expert Review Green;Hereditary ataxia v1.148;London North GMS;NHS GMS;Wessex and West Midlands GLH	Hereditary ataxia - adult onset			BIALLELIC, autosomal or pseudoautosomal	Spastic ataxia 3, autosomal recessive;Autosomal recessive spastic ataxia 3, 611390				22448145		False	4	33;67;0	1.154	False		ENSG00000247626	ENSG00000247626	HGNC:25133													
MMACHC	gene	MMACHC	Expert Review Green;Hereditary ataxia v1.148;NHS GMS;Wessex and West Midlands GLH	Hereditary ataxia - adult onset			BIALLELIC, autosomal or pseudoautosomal	Ataxia and hypogonadism;Methylmalonic aciduria and homocystinuria cblC type, 277400;Methylmalonic aciduria and homocystinuria, cblC type, 277400				26283149		False	4	50;50;0	1.154	False		ENSG00000132763	ENSG00000132763	HGNC:24525													
MRE11	gene	MRE11	Expert Review Green;Hereditary ataxia v1.148;London North GMS;NHS GMS;Wessex and West Midlands GLH	Hereditary ataxia - adult onset			BIALLELIC, autosomal or pseudoautosomal	Ataxia-telangiectasia-like disorder 1, 604391;Ataxia-Telangiectasia-Like Disorder						False	4	33;67;0	1.154	False		ENSG00000020922	ENSG00000020922	HGNC:7230													
MT-ATP6	gene	MT-ATP6	Expert Review Green;Hereditary ataxia v1.148;NHS GMS;Wessex and West Midlands GLH	Hereditary ataxia - adult onset			MITOCHONDRIAL	Neuropathy, ataxia and retinitis pigmentosa, NARP, 551500;Neuropathy, Ataxia, and Retinitis Pigmentosa						False	4	50;50;0	1.154	False		ENSG00000198899	ENSG00000198899	HGNC:7414													
MTTP	gene	MTTP	Expert Review Green;Hereditary ataxia v1.148;NHS GMS;Wessex and West Midlands GLH	Hereditary ataxia - adult onset			BIALLELIC, autosomal or pseudoautosomal	Abetalipoproteinemia, 200100;Abetalipoproteinemia						False	4	50;50;0	1.154	False		ENSG00000138823	ENSG00000138823	HGNC:7467													
NHLRC1	gene	NHLRC1	Expert Review Green;Hereditary ataxia v1.148;London North GMS;NHS GMS;Wessex and West Midlands GLH	Hereditary ataxia - adult onset			BIALLELIC, autosomal or pseudoautosomal	Progressive myoclonic epilepsy 2B, Lafora, 254780;Epilepsy, progressive myoclonic 2B (Lafora) 254780				15781812;12958597		False	4	33;67;0	1.154	False		ENSG00000187566	ENSG00000187566	HGNC:21576													
NKX6-2	gene	NKX6-2	Expert Review Green;Hereditary ataxia v1.148;NHS GMS;Wessex and West Midlands GLH	Hereditary ataxia - adult onset			BIALLELIC, autosomal or pseudoautosomal	Autosomal recessive spastic ataxia 8 with hypomyelinating leukodystrophy, 617560;Spastic ataxia 8, autosomal recessive, with hypomyelinating leukodystrophy 617560				15601927;28575651		False	4	50;50;0	1.154	False		ENSG00000148826	ENSG00000148826	HGNC:19321													
NOP56	gene	NOP56	Expert Review Green;Hereditary ataxia v1.148;London North GMS;NHS GMS	Hereditary ataxia - adult onset			Other - please specifiy in evaluation comments	Spinocerebellarataxia36,614153						False	4	50;50;0	1.154	False	Loss-of-function variants (as defined in pop up message) DO NOT cause this phenotype - please provide details in the comments	ENSG00000101361	ENSG00000101361	HGNC:15911													
NPC1	gene	NPC1	Expert Review Green;Hereditary ataxia v1.148;London North GMS;NHS GMS;Wessex and West Midlands GLH	Hereditary ataxia - adult onset			BIALLELIC, autosomal or pseudoautosomal	Niemann-Pick disease type C1, 257220;Niemann-Pick disease types C1 and D (#257220)						False	4	67;33;0	1.154	False		ENSG00000141458	ENSG00000141458	HGNC:7897													
NPC2	gene	NPC2	Expert Review Green;Hereditary ataxia v1.148;London North GMS;NHS GMS;Wessex and West Midlands GLH	Hereditary ataxia - adult onset			BIALLELIC, autosomal or pseudoautosomal	Niemann-Pick disease type C2 (#607625);Niemann-Pick disease type C2, 607625						False	4	67;33;0	1.154	False		ENSG00000119655	ENSG00000119655	HGNC:14537													
OPA3	gene	OPA3	Expert Review Green;Hereditary ataxia v1.148;London North GMS;NHS GMS;Wessex and West Midlands GLH	Hereditary ataxia - adult onset			BIALLELIC, autosomal or pseudoautosomal	Optic atrophy 3 with cataract, 165300;3-methylglutaconic aciduria, type III, 258501;3-methylglutaconic aciduria type III, 258501;Costeff syndrome				25201222;11668429;20301646;24944951;25657044		False	4	33;33;33	1.154	False		ENSG00000125741	ENSG00000125741	HGNC:8142													
OPHN1	gene	OPHN1	Expert Review Green;Hereditary ataxia v1.148;NHS GMS;Wessex and West Midlands GLH	Hereditary ataxia - adult onset			X-LINKED: hemizygous mutation in males, monoallelic mutations in females may cause disease (may be less severe, later onset than males)	Mental retardation, X-linked, with cerebellar hypoplasia and distinctive facial appearance, 300486;X-linked mental retardation with cerebellar hypoplasia and distinctive facial appearance, 300486						False	4	50;50;0	1.154	False		ENSG00000079482	ENSG00000079482	HGNC:8148													
PAX6	gene	PAX6	Expert Review Green;Hereditary ataxia v1.148;NHS GMS;Wessex and West Midlands GLH	Hereditary ataxia - adult onset			BIALLELIC, autosomal or pseudoautosomal	Aniridia, 106210;Aniridia, Cerebellar Ataxia, And Mental Retardation						False	4	0;50;50	1.154	False		ENSG00000007372	ENSG00000007372	HGNC:8620													
PEX16	gene	PEX16	Expert Review Green;Hereditary ataxia v1.148;NHS GMS;Wessex and West Midlands GLH	Hereditary ataxia - adult onset			BIALLELIC, autosomal or pseudoautosomal	Zellweger syndrome (614876);Peroxisome biogenesis disorder 8B (#614877)   infantile progressive ataxia and spastic paresis;Peroxisome biogenesis disorder 8B, 614877;Peroxisome biogenesis disorder 8A, 614876						False	4	50;50;0	1.154	False		ENSG00000121680	ENSG00000121680	HGNC:8857													
PLA2G6	gene	PLA2G6	Expert Review Green;Hereditary ataxia v1.148;London North GMS;NHS GMS;Wessex and West Midlands GLH	Hereditary ataxia - adult onset			BIALLELIC, autosomal or pseudoautosomal	Parkinson disease 14 (#612953);Autosomal recessive Parkinson disease 14, 612953;Infantile neuroaxonal dystrophy 1 (#256600);Neurodegeneration with brain iron accumulation 2B, 610217;Neurodegeneration with brain iron accumulation 2B (#610217);Infantile neuroaxonal dystrophy 1, 256600						False	4	67;33;0	1.154	False		ENSG00000184381	ENSG00000184381	HGNC:9039													
PMPCA	gene	PMPCA	Expert Review Green;Hereditary ataxia v1.148;NHS GMS;Wessex and West Midlands GLH	Hereditary ataxia - adult onset			BIALLELIC, autosomal or pseudoautosomal	Autosomal recessive spinocerebellar ataxia 2, 213200;Non-progressive cerebellar ataxia   recessive variants identified in 17 patients from four different families.				25808372		False	4	50;50;0	1.154	False		ENSG00000165688	ENSG00000165688	HGNC:18667													
PNKD	gene	PNKD	Brain channelopathy v1.46;Expert Review Green;NHS GMS;Wessex and West Midlands GLH	Hereditary ataxia - adult onset			MONOALLELIC, autosomal or pseudoautosomal, NOT imprinted	Paroxysmal nonkinesigenic dyskinesia 1, 118800;PAROXYSMAL NONKINESIGENIC DYSKINESIA 1				15262732;15496428;15824259		False	4	0;100;0	1.154	False		ENSG00000127838	ENSG00000127838	HGNC:9153													
PNKP	gene	PNKP	Expert Review Green;Hereditary ataxia v1.148;NHS GMS;Wessex and West Midlands GLH	Hereditary ataxia - adult onset			BIALLELIC, autosomal or pseudoautosomal	Microcephaly, seizures and developmental delay, 613402;Ataxia-oculomotor apraxia 4, 616267;Ataxia with oculomotor apraxia 4 (#616267)						False	4	50;50;0	1.154	False		ENSG00000039650	ENSG00000039650	HGNC:9154													
PNPLA6	gene	PNPLA6	Expert Review Green;Hereditary ataxia v1.148;London North GMS;NHS GMS;Wessex and West Midlands GLH	Hereditary ataxia - adult onset			BIALLELIC, autosomal or pseudoautosomal	Sapstic paraplegia 39, 612020;Oliver-McFarlane syndrome, 275400;Boucher-Neuhauser syndrome, 215470;Oliver-McFarlane syndrome (#603197);Spinocerebellar ataxia, hypogonadotropic hypogonadism and chorioretinal dystrophy (Boucher-Neuhauser syndrome, #215470);Autosomal recessive spastic paraplegia 39 (#612020), ataxia seen in some patients						False	4	67;33;0	1.154	False		ENSG00000032444	ENSG00000032444	HGNC:16268													
POLG	gene	POLG	Expert Review Green;Hereditary ataxia v1.148;London North GMS;NHS GMS;Wessex and West Midlands GLH	Hereditary ataxia - adult onset			BOTH monoallelic and biallelic, autosomal or pseudoautosomal	Mitochondrial recessive ataxia syndrome (includes SANDO and SCAE);Mitochondrial recessive ataxia syndrome, 607459;autosomal recessive progressive external opthalmoplegia, 258450;autosomal dominant progressive external ophthalmoplegia, 157640;Mitochondrial DNA depletion types 4A, 203700 and 4B, 613662						False	4	67;33;0	1.154	False		ENSG00000140521	ENSG00000140521	HGNC:9179													
POLR3A	gene	POLR3A	Expert Review Green;Hereditary ataxia v1.148;NHS GMS;Wessex and West Midlands GLH	Hereditary ataxia - adult onset			BIALLELIC, autosomal or pseudoautosomal	Leukodystrophy, hypomyelinating, 7, with or without oligodontia and/or hypogonadotropic hypogonadism;Hypomyelinating leukodystrophy 7 with or without oligodontia and/or hypogonadotrophic hypogonadism, 607694;Autosomal Recessive Ataxia				21855841;25655951		False	4	50;50;0	1.154	False		ENSG00000148606	ENSG00000148606	HGNC:30074													
PRKCG	gene	PRKCG	Expert Review Green;Hereditary ataxia v1.148;London North GMS;NHS GMS;Wessex and West Midlands GLH	Hereditary ataxia - adult onset			MONOALLELIC, autosomal or pseudoautosomal, imprinted status unknown	Spinocerebellar ataxia 14;Spincocerebellar ataxia 14, 605361						False	4	67;33;0	1.154	False		ENSG00000126583	ENSG00000126583	HGNC:9402													
PRNP	gene	PRNP	Expert Review Green;Hereditary ataxia v1.148;London North GMS;NHS GMS;Wessex and West Midlands GLH	Hereditary ataxia - adult onset			MONOALLELIC, autosomal or pseudoautosomal, imprinted status unknown	Autosomal Dominant Ataxia;Multiple allelic disorders reported;Huntington disease-like 1;Gerstmann-Straussler disease;Creutzfeldt-Jakob disease;Insomnia, fatal familial						False	4	67;33;0	1.154	False		ENSG00000171867	ENSG00000171867	HGNC:9449													
PRRT2	gene	PRRT2	Brain channelopathy v1.46;Expert Review Green;Hereditary ataxia v1.148;London North GMS;NHS GMS;Wessex and West Midlands GLH	Hereditary ataxia - adult onset			MONOALLELIC, autosomal or pseudoautosomal, imprinted status unknown	CONVULSIONS, FAMILIAL INFANTILE, WITH PAROXYSMAL CHOREOATHETOSIS;SEIZURES, BENIGN FAMILIAL INFANTILE, 2;EPISODIC KINESIGENIC DYSKINESIA 1;Familial infantile convulsions with paroxysmal dyskinesia 1, 602066;dystonia and occasionally hemiplegic migraine and epilepsy;episodic kinesigenic dyskinesia;episodic kinesigenic dyskinesia,  128200				22744660;22101681;22120146;22399141		False	4	33;67;0	1.154	False		ENSG00000167371	ENSG00000167371	HGNC:30500													
RARS2	gene	RARS2	Expert Review Green;Hereditary ataxia v1.148;NHS GMS;Wessex and West Midlands GLH	Hereditary ataxia - adult onset			BIALLELIC, autosomal or pseudoautosomal	epilepsy;Pontocerebellar hypoplasia;Pontocerebellar hypoplasia 6, 611523						False	4	50;50;0	1.154	False		ENSG00000146282	ENSG00000146282	HGNC:21406													
RNF170	gene	RNF170	Expert Review Green;Hereditary ataxia v1.148;London North GMS;NHS GMS;Wessex and West Midlands GLH	Hereditary ataxia - adult onset			MONOALLELIC, autosomal or pseudoautosomal, imprinted status unknown	Autosomal dominant sensory ataxia 1, 608984;Ataxia, sensory, 1, autosomal dominant						False	4	67;33;0	1.154	False		ENSG00000120925	ENSG00000120925	HGNC:25358													
RNF216	gene	RNF216	Expert Review Green;Hereditary ataxia v1.148;London North GMS;NHS GMS;Wessex and West Midlands GLH	Hereditary ataxia - adult onset			BIALLELIC, autosomal or pseudoautosomal	Cerebellar ataxia and hypogonadotropic hypogonadism, 212840;Cerebellar ataxia and hypogonadotrophic hypogonadism						False	4	67;33;0	1.154	False		ENSG00000011275	ENSG00000011275	HGNC:21698													
SACS	gene	SACS	Expert Review Green;Hereditary ataxia v1.148;London North GMS;NHS GMS;Wessex and West Midlands GLH	Hereditary ataxia - adult onset			BIALLELIC, autosomal or pseudoautosomal	Charlevoix-Saguenay spastic ataxia, 270550;Spastic ataxia, Charlevoix-Saguenay type						False	4	67;33;0	1.154	False		ENSG00000151835	ENSG00000151835	HGNC:10519													
SAR1B	gene	SAR1B	Expert Review Green;Hereditary ataxia v1.148;London North GMS;NHS GMS;Wessex and West Midlands GLH	Hereditary ataxia - adult onset			BIALLELIC, autosomal or pseudoautosomal	Chylomicron retention disease, 246700;Chylomicron retention disease 246700						False	4	33;33;33	1.154	False		ENSG00000152700	ENSG00000152700	HGNC:10535													
SCN1A	gene	SCN1A	Brain channelopathy v1.46;Expert Review Green;NHS GMS;Wessex and West Midlands GLH	Hereditary ataxia - adult onset			MONOALLELIC, autosomal or pseudoautosomal, NOT imprinted	familial hemiplegic migraine 3;Familial febrile seziures 3A, 604403;Dravet syndrome;several epilepsy, convulsion and migraine disorders.;Generalised epilepsy with febrile seizures type 2, 604403;Familial hemiplegic migraine 3, 609634;Epileptic encephalopathy 6, 607208				16054936;19332696		False	4	50;50;0	1.154	False		ENSG00000144285	ENSG00000144285	HGNC:10585													
SCN8A	gene	SCN8A	Brain channelopathy v1.46;Expert Review Green;Hereditary ataxia v1.148;NHS GMS;Wessex and West Midlands GLH	Hereditary ataxia - adult onset			MONOALLELIC, autosomal or pseudoautosomal, NOT imprinted	epilepsy;paroxysmal kinesigenic dyskinesias;Epileptic encephalopathy 13, 614558;Benign familial infantile seizures 5, 617080;Cognitive impairment with or without cerebellar ataxia, 614306				26677014		False	4	50;50;0	1.154	False		ENSG00000196876	ENSG00000196876	HGNC:10596													
SEPSECS	gene	SEPSECS	Expert Review Green;Hereditary ataxia v1.148;NHS GMS;Wessex and West Midlands GLH	Hereditary ataxia - adult onset			BIALLELIC, autosomal or pseudoautosomal	Pontocerebellar hypoplasia type 2D, 613811;Pontocerebellar hypoplasia type 2D (613811)						False	4	50;50;0	1.154	False		ENSG00000109618	ENSG00000109618	HGNC:30605													
SETX	gene	SETX	Expert Review Green;Hereditary ataxia v1.148;London North GMS;NHS GMS;Wessex and West Midlands GLH	Hereditary ataxia - adult onset			BIALLELIC, autosomal or pseudoautosomal	ataxia with oculomotor apraxia type 2 (AOA2), juvenile amyotrophic lateral sclerosis (ALS4) and autosomal dominant ataxia;Autosomal recessive spinocerebellar ataxia type 1, 606002;Ataxia-ocular apraxia-2						False	4	67;33;0	1.154	False		ENSG00000107290	ENSG00000107290	HGNC:445													
SIL1	gene	SIL1	Expert Review Green;Hereditary ataxia v1.148;NHS GMS;Wessex and West Midlands GLH	Hereditary ataxia - adult onset			BIALLELIC, autosomal or pseudoautosomal	Marinesco-Sjogren syndrome, 248800						False	4	50;50;0	1.154	False		ENSG00000120725	ENSG00000120725	HGNC:24624													
SLC1A3	gene	SLC1A3	Brain channelopathy v1.46;Expert Review Green;Hereditary ataxia v1.148;NHS GMS;Wessex and West Midlands GLH	Hereditary ataxia - adult onset			MONOALLELIC, autosomal or pseudoautosomal, imprinted status unknown	Episodic ataxia, type 6;Episodic ataxia type 6, 612656				27829685;16116111;19139306		False	4	50;50;0	1.154	False		ENSG00000079215	ENSG00000079215	HGNC:10941													
SLC2A1	gene	SLC2A1	Brain channelopathy v1.46;Expert Review Green;Hereditary ataxia v1.148;NHS GMS;Wessex and West Midlands GLH	Hereditary ataxia - adult onset			BOTH monoallelic and biallelic, autosomal or pseudoautosomal	paroxysmal exertion-induced dyskinesia with or without epilepsy and/or hemolytic anemia;GLUT1 DEFICIENCY SYNDROME 1;dystonia 9;GLUT1 deficiency syndrome 2, 612126;GLUT1 deficiency syndrome 1, 606777;Dystonia 9, 601042;EPILEPSY, IDIOPATHIC GENERALIZED				18451999;19630075;18577546		False	4	50;50;0	1.154	False		ENSG00000117394	ENSG00000117394	HGNC:11005													
SLC6A5	gene	SLC6A5	Brain channelopathy v1.46;Expert Review Green;NHS GMS;Wessex and West Midlands GLH	Hereditary ataxia - adult onset			BOTH monoallelic and biallelic, autosomal or pseudoautosomal	Hyperekplexia 3, 614618				16751771		False	4	0;50;50	1.154	False		ENSG00000165970	ENSG00000165970	HGNC:11051													
SLC9A6	gene	SLC9A6	Expert Review Green;Hereditary ataxia v1.148	Hereditary ataxia - adult onset			X-LINKED: hemizygous mutation in males, monoallelic mutations in females may cause disease (may be less severe, later onset than males)	Mental retardation, X-linked syndromic, Christianson type, 300243						False	4	0;0;0	1.154	False		ENSG00000198689	ENSG00000198689	HGNC:11079													
SNX14	gene	SNX14	Expert Review Green;Hereditary ataxia v1.148;London North GMS;NHS GMS;Wessex and West Midlands GLH	Hereditary ataxia - adult onset			BIALLELIC, autosomal or pseudoautosomal	Autosomal recessive spinocerebellar ataxia (#616354);Autosomal recessive spinocerebellar ataxia 20, 616354						False	4	67;33;0	1.154	False		ENSG00000135317	ENSG00000135317	HGNC:14977													
SPG7	gene	SPG7	Expert Review Green;Hereditary ataxia v1.148;London North GMS;NHS GMS;Wessex and West Midlands GLH	Hereditary ataxia - adult onset			BIALLELIC, autosomal or pseudoautosomal	Spastic paraplegia 7 (#607259) complex forms of the disease. Actually associated with a range of phenotypes including adult-onset ataxia;Autosomal recessive spastic paraplegia 7, 607259				25681447		False	4	67;33;0	1.154	False		ENSG00000197912	ENSG00000197912	HGNC:11237													
SPR	gene	SPR	Brain channelopathy v1.46;Expert Review Green;NHS GMS;Wessex and West Midlands GLH	Hereditary ataxia - adult onset			BOTH monoallelic and biallelic, autosomal or pseudoautosomal	Dystonia, dopa-responsive, due to sepiapterin reductase deficiency 612716;Dopa-responsive dystonia due to sepiaterin reductase deficiency, 612716						False	4	50;50;0	1.154	False		ENSG00000116096	ENSG00000116096	HGNC:11257													
SPTBN2	gene	SPTBN2	Expert Review Green;Hereditary ataxia v1.148;London North GMS;NHS GMS;Wessex and West Midlands GLH	Hereditary ataxia - adult onset			BOTH monoallelic and biallelic, autosomal or pseudoautosomal	Spinocerebellar Ataxia, Dominant;Autosomal recessive spinocerebellar ataxia 14, 615386;Spinocerebellar ataxia, autosomal recessive 14;Spinocerebellar ataxia 5;Spinocerebellar ataxia 5, 600224;SPINOCEREBELLAR ATAXIA 5 (autosomal dominant);SPINOCEREBELLAR ATAXIA, AUTOSOMAL RECESSIVE 14						False	4	67;33;0	1.154	False		ENSG00000173898	ENSG00000173898	HGNC:11276													
SRD5A3	gene	SRD5A3	Expert Review Green;Hereditary ataxia v1.148;NHS GMS;Wessex and West Midlands GLH	Hereditary ataxia - adult onset			BIALLELIC, autosomal or pseudoautosomal	Congenital disorder of glycosylation type Iq, 612379;Congenital disorder of glycosylation, type Iq, 612379;Kahrizi syndrome, 612713						False	4	50;50;0	1.154	False		ENSG00000128039	ENSG00000128039	HGNC:25812													
STUB1	gene	STUB1	Expert Review Green;Hereditary ataxia v1.148;London North GMS;NHS GMS;Wessex and West Midlands GLH	Hereditary ataxia - adult onset			BIALLELIC, autosomal or pseudoautosomal	Autosomal recessive spinocerebellar ataxia type 16, 615768;Spinocerebellar ataxia, autosomal recessive 16						False	4	67;33;0	1.154	False		ENSG00000103266	ENSG00000103266	HGNC:11427													
SYNE1	gene	SYNE1	Expert Review Green;Hereditary ataxia v1.148;London North GMS;NHS GMS;Wessex and West Midlands GLH	Hereditary ataxia - adult onset			BIALLELIC, autosomal or pseudoautosomal	Cerebellar Ataxia;Spinocerebellar ataxia, autosomal recessive 8;Autosomal recessive spinocerebellar ataxia type 8						False	4	67;33;0	1.154	False		ENSG00000131018	ENSG00000131018	HGNC:17089													
TMEM240	gene	TMEM240	Expert Review Green;Hereditary ataxia v1.148;London North GMS;NHS GMS;Wessex and West Midlands GLH	Hereditary ataxia - adult onset			MONOALLELIC, autosomal or pseudoautosomal, imprinted status unknown	Spinocerebellar ataxia 21, 607454						False	4	67;33;0	1.154	False		ENSG00000205090	ENSG00000205090	HGNC:25186													
TPP1	gene	TPP1	Expert Review Green;Hereditary ataxia v1.148;London North GMS;NHS GMS;Wessex and West Midlands GLH	Hereditary ataxia - adult onset			BIALLELIC, autosomal or pseudoautosomal	Autosomal recessive spinocerebellar ataxia 7, 609270;Ceroid lipofuscinosis, neuronal, 2, 204500;Spinocerebellar ataxia, autosomal recessive 7, 609270;Neuronal ceroid lipofuscinosis, 204500						False	4	33;67;0	1.154	False		ENSG00000166340	ENSG00000166340	HGNC:2073													
TSEN2	gene	TSEN2	Expert Review Green;Hereditary ataxia v1.148;NHS GMS;Wessex and West Midlands GLH	Hereditary ataxia - adult onset			BIALLELIC, autosomal or pseudoautosomal	Pontocerebellar hypoplasia 2B, 612389						False	4	50;50;0	1.154	False		ENSG00000154743	ENSG00000154743	HGNC:28422													
TSEN54	gene	TSEN54	Expert Review Green;Hereditary ataxia v1.148;NHS GMS;Wessex and West Midlands GLH	Hereditary ataxia - adult onset			BIALLELIC, autosomal or pseudoautosomal	Pontocerebellar hypoplasia 5, 610204;Pontocerebellar hypoplasia 4, 225753;Pontocerebellar hypoplasia 2A, 277470;Pontocerebellar hypoplasia type 4, 225753;Pontocerebellar hypoplasia type 2A, 277470						False	4	50;50;0	1.154	False		ENSG00000182173	ENSG00000182173	HGNC:27561													
TTBK2	gene	TTBK2	Expert Review Green;Hereditary ataxia v1.148;London North GMS;NHS GMS;Wessex and West Midlands GLH	Hereditary ataxia - adult onset			MONOALLELIC, autosomal or pseudoautosomal, imprinted status unknown	Spinocerebellar ataxia 11, 604432;Spinocerebellar ataxia 11						False	4	67;33;0	1.154	False		ENSG00000128881	ENSG00000128881	HGNC:19141													
TTC19	gene	TTC19	Expert Review Green;Hereditary ataxia v1.148;London North GMS;NHS GMS;Wessex and West Midlands GLH	Hereditary ataxia - adult onset			BIALLELIC, autosomal or pseudoautosomal	Mitochondrial complex III deficiency nuclear type II, 615157;Mitochondrial complex III deficiency, nuclear type 2, 615157						False	4	33;33;33	1.154	False		ENSG00000011295	ENSG00000011295	HGNC:26006													
TTPA	gene	TTPA	Expert Review Green;Hereditary ataxia v1.148;London North GMS;NHS GMS;Wessex and West Midlands GLH	Hereditary ataxia - adult onset			BIALLELIC, autosomal or pseudoautosomal	Ataxia with isolated vitamin E deficiency;Ataxia with Vitamin E Deficiency;Ataxia with isolated vitamin E deficiency, 277460						False	4	67;33;0	1.154	False		ENSG00000137561	ENSG00000137561	HGNC:12404													
TUBB4A	gene	TUBB4A	Expert Review Green;Hereditary ataxia v1.148;London North GMS;NHS GMS;Wessex and West Midlands GLH	Hereditary ataxia - adult onset			MONOALLELIC, autosomal or pseudoautosomal, imprinted status unknown	Dystonia 4, torsion, autosomal dominant, 128101;Dystonia 4, 128101, Hypomyelinating leukodystrophy 6, 612438;Leukodystrophy, hypomyelinating, 6, 612438				25497598		False	4	67;33;0	1.154	False	Other - please provide details in the comments	ENSG00000104833	ENSG00000104833	HGNC:20774													
TWNK	gene	TWNK	Expert Review Green;Hereditary ataxia v1.148;London North GMS;NHS GMS;Wessex and West Midlands GLH	Hereditary ataxia - adult onset			BOTH monoallelic and biallelic, autosomal or pseudoautosomal	Mitochondrial DNA depletion syndrome 7, 271245;Progressive external ophthalmoplegia with mitochondrial DNA deletions, autosomal dominant 3, 609286;Ataxia Neuropathy Spectrum Disorders, Dominant;Spinocerebellar Ataxia, Recessive;Progressive external ophthalmoplegia with mitochondrial DNA deletions, 609286;Perrault syndrome 5, 616138;Mitochondrial DNA depletion syndrome 7 (hepatocerebral type), 271245						False	4	67;33;0	1.154	False		ENSG00000107815	ENSG00000107815	HGNC:1160													
VLDLR	gene	VLDLR	Expert Review Green;Hereditary ataxia v1.148;NHS GMS;Wessex and West Midlands GLH	Hereditary ataxia - adult onset			BIALLELIC, autosomal or pseudoautosomal	Cerebellar hypoplasia and mental retardation with or without quadrupedal locomotion 1, 224050;Cerebellar ataxia, mental retardation and dysequilibirum syndrome 1, 224050						False	4	50;50;0	1.154	False		ENSG00000147852	ENSG00000147852	HGNC:12698													
VPS13D	gene	VPS13D	Expert Review Green;Hereditary ataxia v1.148;London North GMS;NHS GMS;Wessex and West Midlands GLH	Hereditary ataxia - adult onset			BIALLELIC, autosomal or pseudoautosomal	Autosomal recessive spinocerebellar ataxia 4, 608877;Spinocerebellar ataxia, autosomal recessive 4, 607317						False	4	67;33;0	1.154	False		ENSG00000048707	ENSG00000048707	HGNC:23595													
VRK1	gene	VRK1	Expert Review Green;Hereditary ataxia v1.148;NHS GMS;Wessex and West Midlands GLH	Hereditary ataxia - adult onset			BIALLELIC, autosomal or pseudoautosomal	Pontocerebellar hypoplasia 1A, 607596						False	4	0;100;0	1.154	False		ENSG00000100749	ENSG00000100749	HGNC:12718													
WDR73	gene	WDR73	Expert Review Green;Hereditary ataxia v1.148;NHS GMS;Wessex and West Midlands GLH	Hereditary ataxia - adult onset			BIALLELIC, autosomal or pseudoautosomal	Galloway-Mowat Syndrome 1, 251300;Galloway Mowat syndrome, when patients are ambulant ataxia is a recognisednfeature						False	4	50;50;0	1.154	False		ENSG00000177082	ENSG00000177082	HGNC:25928													
WDR81	gene	WDR81	Expert Review Green;Hereditary ataxia v1.148;NHS GMS;Wessex and West Midlands GLH	Hereditary ataxia - adult onset			BIALLELIC, autosomal or pseudoautosomal	Cerebellar ataxia, mental retardation, and dysequilibrium syndrome 2, 610185;Cerebellar ataxia, mental retardation and dysequilibrium syndrome 2, 610185;Congenital hydrocephalus 3 with brain anomalies, 617967						False	4	50;50;0	1.154	False		ENSG00000167716	ENSG00000167716	HGNC:26600													
WFS1	gene	WFS1	Expert Review Green;Hereditary ataxia v1.148;NHS GMS;Wessex and West Midlands GLH	Hereditary ataxia - adult onset			BIALLELIC, autosomal or pseudoautosomal	Wolfram syndrome 1, 222300						False	4	50;50;0	1.154	False		ENSG00000109501	ENSG00000109501	HGNC:12762													
WWOX	gene	WWOX	Expert Review Green;Hereditary ataxia v1.148;NHS GMS;Wessex and West Midlands GLH	Hereditary ataxia - adult onset			BIALLELIC, autosomal or pseudoautosomal	Autosomal recessive spinocerebellar ataxia 12, 6143232;Autosomal recessive spinocerebellar ataxia 12, 614322;Early infantile epileptic encephalopathy 28, 616211						False	4	50;50;0	1.154	False		ENSG00000186153	ENSG00000186153	HGNC:12799													
ADGRG1	gene	ADGRG1	Expert Review Green;NHS GMS;Wessex and West Midlands GLH	Hereditary ataxia - adult onset				Polymicrogyria, Frontoparietal, 606854;Polymicrogyria, perisylvian type,  615752						False	3	50;50;0	1.154	False		ENSG00000205336	ENSG00000205336	HGNC:4512													
ADPRHL2	gene	ADPRHL2	Expert Review Green;London North GMS;NHS GMS;Wessex and West Midlands GLH	Hereditary ataxia - adult onset			BIALLELIC, autosomal or pseudoautosomal	Neurodegeneration, childhood-onset, stress-induced with variable ataxia and seizures, 618170						False	3	67;33;0	1.154	False		ENSG00000116863	ENSG00000116863	HGNC:21304													
ATP8A2	gene	ATP8A2	Expert Review Green;Hereditary ataxia v1.148;NHS GMS;Wessex and West Midlands GLH	Hereditary ataxia - adult onset			BIALLELIC, autosomal or pseudoautosomal	Cerebellar ataxia, mental retardation and dysequilibirum syndrome 4				22892528		False	3	50;50;0	1.154	False		ENSG00000132932	ENSG00000132932	HGNC:13533													
B4GAT1	gene	B4GAT1	Expert Review Green;NHS GMS;Wessex and West Midlands GLH	Hereditary ataxia - adult onset			BIALLELIC, autosomal or pseudoautosomal	Muscular dystrophy-dystroglycanopathy type A13, 615287						False	3	50;50;0	1.154	False		ENSG00000174684	ENSG00000174684	HGNC:15685													
BRF1	gene	BRF1	Expert Review Green;NHS GMS;Wessex and West Midlands GLH	Hereditary ataxia - adult onset			BIALLELIC, autosomal or pseudoautosomal	Cerebrofaciodental syndrome						False	3	50;50;0	1.154	False		ENSG00000185024	ENSG00000185024	HGNC:11551													
CLP1	gene	CLP1	Expert Review Green;Hereditary ataxia v1.148;NHS GMS;Wessex and West Midlands GLH	Hereditary ataxia - adult onset			BIALLELIC, autosomal or pseudoautosomal	Pontocerebellar hypoplasia type 10, 615803						False	3	50;50;0	1.154	False		ENSG00000172409	ENSG00000172409	HGNC:16999													
COA7	gene	COA7	Expert Review Green;London North GMS;NHS GMS;Wessex and West Midlands GLH	Hereditary ataxia - adult onset			BIALLELIC, autosomal or pseudoautosomal	Spinocerebellar ataxia with axonal neuropathy						False	3	67;33;0	1.154	False		ENSG00000162377	ENSG00000162377	HGNC:25716													
COASY	gene	COASY	Expert Review Green;NHS GMS;Wessex and West Midlands GLH	Hereditary ataxia - adult onset			BIALLELIC, autosomal or pseudoautosomal	Pontocerebellar hypoplasia type 12, 618266;Neurodegeneration with brain iron accumulation 6, 615643						False	3	50;50;0	1.154	False		ENSG00000068120	ENSG00000068120	HGNC:29932													
CSTB	gene	CSTB	Expert Review Green;Hereditary ataxia v1.148;London North GMS;NHS GMS;Wessex and West Midlands GLH	Hereditary ataxia - adult onset			BIALLELIC, autosomal or pseudoautosomal	Progressive myoclonic epilepsy 1A, 254800;Epilepsy, progressive myoclonic 1A (Unverricht and Lundborg), 254800						False	3	67;33;0	1.154	False		ENSG00000160213	ENSG00000160213	HGNC:2482													
EBF3	gene	EBF3	Expert Review Green;NHS GMS;Wessex and West Midlands GLH	Hereditary ataxia - adult onset			MONOALLELIC, autosomal or pseudoautosomal, NOT imprinted	Hypotonia, ataxia and delayed development syndrome, 617330						False	3	50;50;0	1.154	False		ENSG00000108001	ENSG00000108001	HGNC:19087													
ELOVL5	gene	ELOVL5	Expert Review Green;Hereditary ataxia v1.148;London North GMS;NHS GMS;Wessex and West Midlands GLH	Hereditary ataxia - adult onset			MONOALLELIC, autosomal or pseudoautosomal, imprinted status unknown	Spinocerebellar ataxia 38, 615957;Spinocerebellar ataxia 36 615957						False	3	33;33;33	1.154	False	Other - please provide details in the comments	ENSG00000012660	ENSG00000012660	HGNC:21308													
EXOSC8	gene	EXOSC8	Expert Review Green;NHS GMS;Wessex and West Midlands GLH	Hereditary ataxia - adult onset			BIALLELIC, autosomal or pseudoautosomal	Pontocerebellar hypoplasia type 1C						False	3	50;50;0	1.154	False		ENSG00000120699	ENSG00000120699	HGNC:17035													
EXOSC9	gene	EXOSC9	Expert Review Green;NHS GMS;Wessex and West Midlands GLH	Hereditary ataxia - adult onset			BIALLELIC, autosomal or pseudoautosomal	Pontocerebellar hypoplasia type 1D, 618065						False	3	50;50;0	1.154	False		ENSG00000123737	ENSG00000123737	HGNC:9137													
GDAP2	gene	GDAP2	Expert Review Green;London North GMS;NHS GMS;Wessex and West Midlands GLH	Hereditary ataxia - adult onset			BIALLELIC, autosomal or pseudoautosomal	Autosomal recessive spinocerebellar ataxia						False	3	33;33;33	1.154	False		ENSG00000196505	ENSG00000196505	HGNC:18010													
IRF2BPL	gene	IRF2BPL	Expert Review Green;London North GMS;NHS GMS;Wessex and West Midlands GLH	Hereditary ataxia - adult onset			MONOALLELIC, autosomal or pseudoautosomal, NOT imprinted	Neurodevelopmental disorder with regression, abnormal movement, loss of speech and seizures, 618088						False	3	67;33;0	1.154	False		ENSG00000119669	ENSG00000119669	HGNC:14282													
KCNA2	gene	KCNA2	Expert Review Green;NHS GMS;Wessex and West Midlands GLH	Hereditary ataxia - adult onset			MONOALLELIC, autosomal or pseudoautosomal, NOT imprinted	Early infantile encephalopathy 32, 616366						False	3	50;50;0	1.154	False	Loss-of-function variants (as defined in pop up message) DO NOT cause this phenotype - please provide details in the comments	ENSG00000177301	ENSG00000177301	HGNC:6220													
MAPK8IP3	gene	MAPK8IP3	Expert Review Green;NHS GMS;Wessex and West Midlands GLH	Hereditary ataxia - adult onset			MONOALLELIC, autosomal or pseudoautosomal, NOT imprinted	Intellectual Disability with variable brain anomalies						False	3	50;50;0	1.154	False		ENSG00000138834	ENSG00000138834	HGNC:6884													
MFN2	gene	MFN2	Expert Review Green;London North GMS;NHS GMS;Wessex and West Midlands GLH	Hereditary ataxia - adult onset				Dominant optic atrophy plus						False	3	33;33;33	1.154	False	Loss-of-function variants (as defined in pop up message) DO NOT cause this phenotype - please provide details in the comments	ENSG00000116688	ENSG00000116688	HGNC:16877													
MORC2	gene	MORC2	Expert Review Green;London North GMS;NHS GMS;Wessex and West Midlands GLH	Hereditary ataxia - adult onset			MONOALLELIC, autosomal or pseudoautosomal, NOT imprinted	Axonal type CMT disease type 2Z, 616688						False	3	33;33;33	1.154	False	Loss-of-function variants (as defined in pop up message) DO NOT cause this phenotype - please provide details in the comments	ENSG00000133422	ENSG00000133422	HGNC:23573													
MSTO1	gene	MSTO1	Expert Review Green;London North GMS;NHS GMS;Wessex and West Midlands GLH	Hereditary ataxia - adult onset			BOTH monoallelic and biallelic, autosomal or pseudoautosomal	Mitochondrial myopathy and ataxia, 617675						False	3	67;33;0	1.154	False		ENSG00000125459	ENSG00000125459	HGNC:29678													
NKX2-1	gene	NKX2-1	Brain channelopathy v1.46;Expert Review Green;NHS GMS;Wessex and West Midlands GLH	Hereditary ataxia - adult onset			BOTH monoallelic and biallelic (but BIALLELIC mutations cause a more SEVERE disease form), autosomal or pseudoautosomal	Choreoathetosis, hypothyroidism, and neonatal respiratory distress 610978;Chorea, hereditary benign 118700;Hereditary bening chorea, 118700;Choreoathetosis, hypothyroidism and neonatal respiratory distress, 610978				24555207		False	3	50;50;0	1.154	False		ENSG00000136352	ENSG00000136352	HGNC:11825													
OPA1	gene	OPA1	Expert Review Green;NHS GMS;Wessex and West Midlands GLH	Hereditary ataxia - adult onset			BOTH monoallelic and biallelic (but BIALLELIC mutations cause a more SEVERE disease form), autosomal or pseudoautosomal	Optic atrophy 1, 165500;Behr syndrome, 210000;Optic atrophy plus syndrome, 125250						False	3	50;50;0	1.154	False	Other	ENSG00000198836	ENSG00000198836	HGNC:8140													
PACS2	gene	PACS2	Expert Review Green;NHS GMS;Wessex and West Midlands GLH	Hereditary ataxia - adult onset			MONOALLELIC, autosomal or pseudoautosomal, NOT imprinted	Early infantile epileptic encephalopathy 66, 618067						False	3	50;50;0	1.154	False	Loss-of-function variants (as defined in pop up message) DO NOT cause this phenotype - please provide details in the comments	ENSG00000179364	ENSG00000179364	HGNC:23794													
PEX6	gene	PEX6	Expert Review Green;NHS GMS;Wessex and West Midlands GLH	Hereditary ataxia - adult onset			BIALLELIC, autosomal or pseudoautosomal	Peroxisome biogenesis disorder 4A, 614862;Peroxisome biogenesis disorder 4B, 614863						False	3	50;50;0	1.154	False		ENSG00000124587	ENSG00000124587	HGNC:8859													
PMPCB	gene	PMPCB	Expert Review Green;NHS GMS;Wessex and West Midlands GLH	Hereditary ataxia - adult onset			BIALLELIC, autosomal or pseudoautosomal	Multiple mitochondrial dysfunctions syndrome 6, 617954						False	3	50;50;0	1.154	False		ENSG00000105819	ENSG00000105819	HGNC:9119													
PRICKLE1	gene	PRICKLE1	Expert Review Green;Hereditary ataxia v1.148;NHS GMS;Wessex and West Midlands GLH	Hereditary ataxia - adult onset			BIALLELIC, autosomal or pseudoautosomal	Progressive myoclonic epilepsy 1B, 612437;Progressive Myoclonus Epilepsy with Ataxia						False	3	50;50;0	1.154	False		ENSG00000139174	ENSG00000139174	HGNC:17019													
PTRH2	gene	PTRH2	Expert Review Green;NHS GMS;Wessex and West Midlands GLH	Hereditary ataxia - adult onset			BIALLELIC, autosomal or pseudoautosomal	Infantile multi-system neurologic, endocrine, and pancreatic disease, 616263						False	3	50;50;0	1.154	False		ENSG00000141378	ENSG00000141378	HGNC:24265													
PUM1	gene	PUM1	Expert Review Green;London North GMS;NHS GMS;Wessex and West Midlands GLH	Hereditary ataxia - adult onset			MONOALLELIC, autosomal or pseudoautosomal, NOT imprinted	Spinocerebellar ataxia 47, 617931						False	3	67;33;0	1.154	False		ENSG00000134644	ENSG00000134644	HGNC:14957													
ROBO3	gene	ROBO3	Expert Review Green;NHS GMS;Wessex and West Midlands GLH	Hereditary ataxia - adult onset			BIALLELIC, autosomal or pseudoautosomal	Familial horizontal gaze palsy with progressive scoliosis, 607313						False	3	50;50;0	1.154	False		ENSG00000154134	ENSG00000154134	HGNC:13433													
RORA	gene	RORA	Expert Review Green;London North GMS;NHS GMS;Wessex and West Midlands GLH	Hereditary ataxia - adult onset			MONOALLELIC, autosomal or pseudoautosomal, NOT imprinted	Intellectual developmental disorder with or without epilepsy or cerebellar ataxia, 618060						False	3	67;33;0	1.154	False	Loss-of-function variants (as defined in pop up message) DO NOT cause this phenotype - please provide details in the comments	ENSG00000069667	ENSG00000069667	HGNC:10258													
SAMD9L	gene	SAMD9L	Expert Review Green;London North GMS;NHS GMS;Wessex and West Midlands GLH	Hereditary ataxia - adult onset			MONOALLELIC, autosomal or pseudoautosomal, NOT imprinted	Ataxia-pancytopenia syndrome, 159550						False	3	67;33;0	1.154	False	Loss-of-function variants (as defined in pop up message) DO NOT cause this phenotype - please provide details in the comments	ENSG00000177409	ENSG00000177409	HGNC:1349													
SCYL1	gene	SCYL1	Expert Review Green;NHS GMS;Wessex and West Midlands GLH	Hereditary ataxia - adult onset			BIALLELIC, autosomal or pseudoautosomal	Spinocerebellar ataxia, autosomal recessive 21, 616719						False	3	50;50;0	1.154	False		ENSG00000142186	ENSG00000142186	HGNC:14372													
SLC25A46	gene	SLC25A46	Expert Review Green;London North GMS;NHS GMS;Wessex and West Midlands GLH	Hereditary ataxia - adult onset			BIALLELIC, autosomal or pseudoautosomal	Hereditary motor and sensory neuropathy type VIB, 616505						False	3	33;33;33	1.154	False		ENSG00000164209	ENSG00000164209	HGNC:25198													
SLC39A8	gene	SLC39A8	Expert Review Green;NHS GMS;Wessex and West Midlands GLH	Hereditary ataxia - adult onset			BIALLELIC, autosomal or pseudoautosomal	Congenital disorder of glycosylation type IIN, 616721						False	3	50;50;0	1.154	False		ENSG00000138821	ENSG00000138821	HGNC:20862													
SLC52A2	gene	SLC52A2	Expert Review Green;NHS GMS;Wessex and West Midlands GLH	Hereditary ataxia - adult onset			BIALLELIC, autosomal or pseudoautosomal	Bwon-Vialetto-Van Laere syndrome 2, 614707						False	3	50;50;0	1.154	False		ENSG00000185803	ENSG00000185803	HGNC:30224													
SQSTM1	gene	SQSTM1	Expert Review Green;NHS GMS;Wessex and West Midlands GLH	Hereditary ataxia - adult onset			BIALLELIC, autosomal or pseudoautosomal	Neurodegeneration with ataxia, dystonia, and gaze palsy, 617145						False	3	50;50;0	1.154	False		ENSG00000161011	ENSG00000161011	HGNC:11280													
SYNGAP1	gene	SYNGAP1	Expert Review Green;NHS GMS;Wessex and West Midlands GLH	Hereditary ataxia - adult onset			MONOALLELIC, autosomal or pseudoautosomal, NOT imprinted	Autosomal dominant mental retardation 5, 612621						False	3	50;50;0	1.154	False		ENSG00000197283	ENSG00000197283	HGNC:11497													
TBC1D23	gene	TBC1D23	Expert Review Green;NHS GMS;Wessex and West Midlands GLH	Hereditary ataxia - adult onset			BIALLELIC, autosomal or pseudoautosomal	Pontocerebellar hypoplasia type 11, 617695						False	3	50;50;0	1.154	False		ENSG00000036054	ENSG00000036054	HGNC:25622													
TERT	gene	TERT	Expert Review Green;NHS GMS;Wessex and West Midlands GLH	Hereditary ataxia - adult onset			BIALLELIC, autosomal or pseudoautosomal	Dyskeratosis congenita, 613989						False	3	50;50;0	1.154	False		ENSG00000164362	ENSG00000164362	HGNC:11730													
TINF2	gene	TINF2	Expert Review Green;London North GMS;NHS GMS;Wessex and West Midlands GLH	Hereditary ataxia - adult onset			MONOALLELIC, autosomal or pseudoautosomal, NOT imprinted	Autosomal dominant dyskeratosis congenita 3, 613990;Revesz syndrome, 268130						False	3	33;33;33	1.154	False		ENSG00000092330	ENSG00000092330	HGNC:11824													
TMEM106B	gene	TMEM106B	Expert Review Green;NHS GMS;Wessex and West Midlands GLH	Hereditary ataxia - adult onset			MONOALLELIC, autosomal or pseudoautosomal, NOT imprinted	Hypomyelinating leukodystrophy 16, 617964						False	3	50;50;0	1.154	False	Loss-of-function variants (as defined in pop up message) DO NOT cause this phenotype - please provide details in the comments	ENSG00000106460	ENSG00000106460	HGNC:22407													
TOE1	gene	TOE1	Expert Review Green;NHS GMS;Wessex and West Midlands GLH	Hereditary ataxia - adult onset			BIALLELIC, autosomal or pseudoautosomal	Pontocerebellar hypoplasia 7, 614969						False	3	50;50;0	1.154	False		ENSG00000132773	ENSG00000132773	HGNC:15954													
TSEN15	gene	TSEN15	Expert Review Green;NHS GMS;Wessex and West Midlands GLH	Hereditary ataxia - adult onset			BIALLELIC, autosomal or pseudoautosomal	Pontocerebellar hypoplasia 2F, 617026						False	3	50;50;0	1.154	False		ENSG00000198860	ENSG00000198860	HGNC:16791													
TUBA1A	gene	TUBA1A	Expert Review Green;NHS GMS;Wessex and West Midlands GLH	Hereditary ataxia - adult onset			MONOALLELIC, autosomal or pseudoautosomal, NOT imprinted	Lissencephaly 3, 611603						False	3	50;50;0	1.154	False	Loss-of-function variants (as defined in pop up message) DO NOT cause this phenotype - please provide details in the comments	ENSG00000167552	ENSG00000167552	HGNC:20766													
TUBB2B	gene	TUBB2B	Expert Review Green;NHS GMS;Wessex and West Midlands GLH	Hereditary ataxia - adult onset			MONOALLELIC, autosomal or pseudoautosomal, NOT imprinted	Complex cortical dysplasia with other brain abnormalities 7, 610031						False	3	50;50;0	1.154	False	Loss-of-function variants (as defined in pop up message) DO NOT cause this phenotype - please provide details in the comments	ENSG00000137285	ENSG00000137285	HGNC:30829													
TUBB3	gene	TUBB3	Expert Review Green;NHS GMS;Wessex and West Midlands GLH	Hereditary ataxia - adult onset			MONOALLELIC, autosomal or pseudoautosomal, NOT imprinted	Complex cortical dysplasia with other brain abnormalities 1, 614039						False	3	50;50;0	1.154	False	Loss-of-function variants (as defined in pop up message) DO NOT cause this phenotype - please provide details in the comments	ENSG00000258947	ENSG00000258947	HGNC:20772													
UBA5	gene	UBA5	Expert Review Green;NHS GMS;Wessex and West Midlands GLH	Hereditary ataxia - adult onset			BIALLELIC, autosomal or pseudoautosomal	Early infantile epileptic encephalopathy 44, 617132;Autosomal recessive spinocerebellar ataxia 24, 617133						False	3	50;50;0	1.154	False		ENSG00000081307	ENSG00000081307	HGNC:23230													
UCHL1	gene	UCHL1	Expert Review Green;Hereditary ataxia v1.148;NHS GMS;Wessex and West Midlands GLH	Hereditary ataxia - adult onset			BIALLELIC, autosomal or pseudoautosomal	Early onset ataxia and optic neuropathy;Autosomal recessive spastic paraplegia 79, 615491				23359680		False	3	50;50;0	1.154	False		ENSG00000154277	ENSG00000154277	HGNC:12513													
VPS53	gene	VPS53	Expert Review Green;Hereditary ataxia v1.148;NHS GMS;Wessex and West Midlands GLH	Hereditary ataxia - adult onset			BIALLELIC, autosomal or pseudoautosomal	Pontocerebellar hypoplasia 2E, 615851				24577744		False	3	50;50;0	1.154	False		ENSG00000141252	ENSG00000141252	HGNC:25608													
ZFYVE26	gene	ZFYVE26	Expert Review Green;Hereditary ataxia v1.148;London North GMS;NHS GMS;Wessex and West Midlands GLH	Hereditary ataxia - adult onset			BIALLELIC, autosomal or pseudoautosomal	Autosomal recessive spastic paraplegia 15, 270700;Autosomal recessive spastic paraplegia 15, 270700				25842392;25497598		False	3	33;67;0	1.154	False	Loss-of-function variants (as defined in pop up message) DO NOT cause this phenotype - please provide details in the comments	ENSG00000072121	ENSG00000072121	HGNC:20761													
ATP2B3	gene	ATP2B3	Expert Review Amber;Hereditary ataxia v1.148;London North GMS;NHS GMS;Wessex and West Midlands GLH	Hereditary ataxia - adult onset			Unknown	Spinocerebellar ataxia, X-linked 1;X-linked spinocerebellar ataxia, 302500						False	2	0;100;0	1.154	False		ENSG00000067842	ENSG00000067842	HGNC:816													
CACNB4	gene	CACNB4	Brain channelopathy v1.46;Expert Review Amber;Hereditary ataxia v1.148;London North GMS;NHS GMS;Wessex and West Midlands GLH	Hereditary ataxia - adult onset			MONOALLELIC, autosomal or pseudoautosomal, imprinted status unknown	Episodic ataxia type 5, 613855;Episodic ataxia, type 5;EPILEPSY, IDIOPATHIC GENERALIZED, SUSCEPTIBILITY TO, 9;Episodic Ataxia				10762541;PMC1378014		False	2	33;33;33	1.154	False		ENSG00000182389	ENSG00000182389	HGNC:1404													
CAPN1	gene	CAPN1	Expert Review Amber;London North GMS;NHS GMS;Wessex and West Midlands GLH	Hereditary ataxia - adult onset			BIALLELIC, autosomal or pseudoautosomal	Spastic paraplegia type 76, 616907						False	2	33;67;0	1.154	False		ENSG00000014216	ENSG00000014216	HGNC:1476													
COG5	gene	COG5	Expert Review Amber;Hereditary ataxia v1.148;NHS GMS;Wessex and West Midlands GLH	Hereditary ataxia - adult onset			BOTH monoallelic and biallelic, autosomal or pseudoautosomal	Congenital disorder of glycosylation type 2i, 613612;Congenital disorder of glycosylation, type Iii 613612				28960046;19690088		False	2	50;50;0	1.154	False		ENSG00000164597	ENSG00000164597	HGNC:14857													
DYNC1H1	gene	DYNC1H1	Expert Review Amber;Hereditary ataxia v1.148;NHS GMS;Wessex and West Midlands GLH	Hereditary ataxia - adult onset			MONOALLELIC, autosomal or pseudoautosomal, imprinted status unknown	Autosomal dominant MR 13, 614563 most relevant;Charcot Marie Tooth, SMA, Intellectual disability						False	2	50;50;0	1.154	False		ENSG00000197102	ENSG00000197102	HGNC:2961													
HTT	gene	HTT	Brain channelopathy v1.46;Expert Review Amber;London North GMS;NHS GMS;Wessex and West Midlands GLH	Hereditary ataxia - adult onset			BOTH monoallelic and biallelic, autosomal or pseudoautosomal	Huntington disease 143100;Lopes-Maciel-Rodan syndrome, 617432						False	2	33;67;0	1.154	False	Other - please provide details in the comments	ENSG00000197386	ENSG00000197386	HGNC:4851													
LNPK	gene	LNPK	Expert Review Amber;NHS GMS;Wessex and West Midlands GLH	Hereditary ataxia - adult onset			BIALLELIC, autosomal or pseudoautosomal	Neurodevelopmental disorder with epilepsy and hypoplasia or the corpus callosum						False	2	0;100;0	1.154	False		ENSG00000144320	ENSG00000144320	HGNC:21610													
MTPAP	gene	MTPAP	Expert Review Amber;Hereditary ataxia v1.148;NHS GMS;Wessex and West Midlands GLH	Hereditary ataxia - adult onset			BIALLELIC, autosomal or pseudoautosomal	Ataxia, spastic, 4,;Autosomal recessive spastic ataxia 4, 613672						False	2	0;100;0	1.154	False	Loss-of-function variants (as defined in pop up message) DO NOT cause this phenotype - please provide details in the comments	ENSG00000107951	ENSG00000107951	HGNC:25532													
MVK	gene	MVK	Expert Review Amber;Hereditary ataxia v1.148	Hereditary ataxia - adult onset			BIALLELIC, autosomal or pseudoautosomal	Mevalonic aciduria 610377				24896178;26503795		False	2	0;0;0	1.154	False		ENSG00000110921	ENSG00000110921	HGNC:7530													
PDYN	gene	PDYN	Expert Review Amber;Hereditary ataxia v1.148;London North GMS;NHS GMS;Wessex and West Midlands GLH	Hereditary ataxia - adult onset			MONOALLELIC, autosomal or pseudoautosomal, imprinted status unknown	Spinocerebellar ataxia 23;Spinocerebellar ataxia 23, 610245						False	2	33;67;0	1.154	False		ENSG00000101327	ENSG00000101327	HGNC:8820													
POLG2	gene	POLG2	Expert Review Amber;London North GMS;NHS GMS;Wessex and West Midlands GLH	Hereditary ataxia - adult onset			MONOALLELIC, autosomal or pseudoautosomal, NOT imprinted	Progressive external ophthalmoplegia with mitochondrial DNA deletions, autosomal dominant, 610131						False	2	0;67;33	1.154	False		ENSG00000256525	ENSG00000256525	HGNC:9180													
SLC9A1	gene	SLC9A1	Expert Review Amber;London North GMS;NHS GMS;Wessex and West Midlands GLH	Hereditary ataxia - adult onset			BIALLELIC, autosomal or pseudoautosomal	Lichtenstein-Knorr Syndrome						False	2	33;67;0	1.154	False		ENSG00000090020	ENSG00000090020	HGNC:11071													
TGM6	gene	TGM6	Expert Review Amber;Hereditary ataxia v1.148;London North GMS;NHS GMS;Wessex and West Midlands GLH	Hereditary ataxia - adult onset			MONOALLELIC, autosomal or pseudoautosomal, imprinted status unknown	Spinocerebellar ataxia 35, 613908;Spinocerebellar ataxia 35						False	2	33;67;0	1.154	False		ENSG00000166948	ENSG00000166948	HGNC:16255													
VAMP1	gene	VAMP1	Expert Review Amber;Hereditary ataxia v1.148;London North GMS;NHS GMS;Wessex and West Midlands GLH	Hereditary ataxia - adult onset			MONOALLELIC, autosomal or pseudoautosomal, imprinted status unknown	Autosomal dominant spastic ataxia 1, 108600;Spastic ataxia 1, autosomal dominant, 108600						False	2	0;67;33	1.154	False		ENSG00000139190	ENSG00000139190	HGNC:12642													
XRCC1	gene	XRCC1	Expert Review Amber;Hereditary ataxia v1.148;London North GMS;NHS GMS;Wessex and West Midlands GLH	Hereditary ataxia - adult onset			BIALLELIC, autosomal or pseudoautosomal	ocular motor apraxia, axonal neuropathy, and progressive cerebellar ataxia;Autosomal recessive spinocerebellar ataxia 26, 617633				28002403		False	2	0;67;33	1.154	False		ENSG00000073050	ENSG00000073050	HGNC:12828													
AARS	gene	AARS	Expert Review Red;Hereditary ataxia v1.148;London North GMS;NHS GMS;Wessex and West Midlands GLH	Hereditary ataxia - adult onset			MONOALLELIC, autosomal or pseudoautosomal, imprinted status unknown	CMT 2N 613287;EIEE29, 616339						False	1	0;67;33	1.154	False		ENSG00000090861	ENSG00000090861	HGNC:20													
ALAS2	gene	ALAS2	Expert Review Red;Hereditary ataxia v1.148	Hereditary ataxia - adult onset			X-LINKED: hemizygous mutation in males, monoallelic mutations in females may cause disease (may be less severe, later onset than males)							False	1	0;0;0	1.154	False		ENSG00000158578	ENSG00000158578	HGNC:397													
ATN1	gene	ATN1	Brain channelopathy v1.46;Expert Review Red;Hereditary ataxia v1.148;NHS GMS;Wessex and West Midlands GLH	Hereditary ataxia - adult onset			MONOALLELIC, autosomal or pseudoautosomal, NOT imprinted	Dentato-pallidoluysian atrophy;Dentatorubro-pallidoluysian atrophy 125370						False	1	50;50;0	1.154	False	Loss-of-function variants (as defined in pop up message) DO NOT cause this phenotype - please provide details in the comments	ENSG00000111676	ENSG00000111676	HGNC:3033													
ATXN1	gene	ATXN1	Expert Review Red;Hereditary ataxia v1.148;NHS GMS;Wessex and West Midlands GLH	Hereditary ataxia - adult onset			Unknown	Spinocerebellar ataxia 1, 164400;Spinocerebellarataxia1,164400						False	1	50;50;0	1.154	False	Other - please provide details in the comments	ENSG00000124788	ENSG00000124788	HGNC:10548													
ATXN10	gene	ATXN10	Expert Review Red;Hereditary ataxia v1.148;NHS GMS;Wessex and West Midlands GLH	Hereditary ataxia - adult onset			Unknown	Spinocerebellar ataxia 10, 603516;Spinocerebellarataxia10, 603516						False	1	50;50;0	1.154	False	Loss-of-function variants (as defined in pop up message) DO NOT cause this phenotype - please provide details in the comments	ENSG00000130638	ENSG00000130638	HGNC:10549													
ATXN2	gene	ATXN2	Expert Review Red;Hereditary ataxia v1.148;NHS GMS;Wessex and West Midlands GLH	Hereditary ataxia - adult onset			Unknown	Spinocerebellarataxia2, 183090;Spinocerebellar ataxia 2, 183090;{Amyotrophiclateralsclerosis,susceptibilityto,13},183090						False	1	50;50;0	1.154	False	Other - please provide details in the comments	ENSG00000204842	ENSG00000204842	HGNC:10555													
ATXN3	gene	ATXN3	Expert Review Red;Hereditary ataxia v1.148;NHS GMS;Wessex and West Midlands GLH	Hereditary ataxia - adult onset			Unknown	Machado-Joseph disease, 109150						False	1	50;50;0	1.154	False	Other - please provide details in the comments	ENSG00000066427	ENSG00000066427	HGNC:7106													
ATXN7	gene	ATXN7	Expert Review Red;Hereditary ataxia v1.148;NHS GMS;Wessex and West Midlands GLH	Hereditary ataxia - adult onset			Unknown	Spinocerebellarataxia 7,164500;Spinocerebellar ataxia 7, 164500						False	1	50;50;0	1.154	False	Other - please provide details in the comments	ENSG00000163635	ENSG00000163635	HGNC:10560													
B3GALNT2	gene	B3GALNT2	NHS GMS;Wessex and West Midlands GLH	Hereditary ataxia - adult onset				Muscular dystrophy-dystroglycanopathy type A11, 615181						False	1	50;50;0	1.154	False		ENSG00000162885	ENSG00000162885	HGNC:28596													
BEAN1	gene	BEAN1	Expert Review Red;Hereditary ataxia v1.148;London North GMS;NHS GMS;Wessex and West Midlands GLH	Hereditary ataxia - adult onset			MONOALLELIC, autosomal or pseudoautosomal, imprinted status unknown	Spinocerebellar ataxia 31, 117210;Spinocerebellar ataxia 31 117210				19878914		False	1	67;33;0	1.154	False		ENSG00000166546	ENSG00000166546	HGNC:24160													
CCDC88C	gene	CCDC88C	Expert Review Red;Hereditary ataxia v1.148;London North GMS;NHS GMS;Wessex and West Midlands GLH	Hereditary ataxia - adult onset			MONOALLELIC, autosomal or pseudoautosomal, imprinted status unknown	Spinocerebellar ataxia 40, 616053;autosomal dominant spinocerebellar ataxia				25062847		False	1	0;33;67	1.154	False	Loss-of-function variants (as defined in pop up message) DO NOT cause this phenotype -please provide details in the comments	ENSG00000015133	ENSG00000015133	HGNC:19967													
CDK5	gene	CDK5	NHS GMS;Wessex and West Midlands GLH	Hereditary ataxia - adult onset				Lissencephaly 7 with cerebellar hypoplasia, 616342						False	1	0;50;50	1.154	False		ENSG00000164885	ENSG00000164885	HGNC:1774													
DAB1	gene	DAB1	Expert Review Red;Hereditary ataxia v1.148;London North GMS;NHS GMS;Wessex and West Midlands GLH	Hereditary ataxia - adult onset			MONOALLELIC, autosomal or pseudoautosomal, NOT imprinted	Spinocerebellar ataxia 37, 615945;Spinocerebellar ataxia 37 615945				28686858		False	1	67;33;0	1.154	False	Other - please provide details in the comments	ENSG00000173406	ENSG00000173406	HGNC:2661													
DCC	gene	DCC	NHS GMS;Wessex and West Midlands GLH	Hereditary ataxia - adult onset				Mirror movements 1 and/or agenesis of the corpus callosum						False	1	0;50;50	1.154	False		ENSG00000187323	ENSG00000187323	HGNC:2701													
DMXL2	gene	DMXL2	Expert Review Red;Hereditary ataxia v1.148;NHS GMS;Wessex and West Midlands GLH	Hereditary ataxia - adult onset			MONOALLELIC, autosomal or pseudoautosomal, NOT imprinted	Sensorineural Hearing Loss;OMIM:612186;Polyendocrine-polyneuropathy syndrome, 616113;ORPHA90636				22875945;27657680;25248098		False	1	0;50;50	1.154	False		ENSG00000104093	ENSG00000104093	HGNC:2938													
FRMD4A	gene	FRMD4A	NHS GMS;Wessex and West Midlands GLH	Hereditary ataxia - adult onset				Agenesis of corpus callosum with facial anomalies and cerebellar ataxia						False	1	0;50;50	1.154	False		ENSG00000151474	ENSG00000151474	HGNC:25491													
GLI3	gene	GLI3	NHS GMS;Wessex and West Midlands GLH	Hereditary ataxia - adult onset				Greig syndrome, 175700;Pallister-Hall syndrome, 146510;Polydactyly type IV, 174700;Polydactyly types A1/B, 174200						False	1	0;50;50	1.154	False		ENSG00000106571	ENSG00000106571	HGNC:4319													
KCNK18	gene	KCNK18	Brain channelopathy v1.46;Expert Review Red;London North GMS;NHS GMS;Wessex and West Midlands GLH	Hereditary ataxia - adult onset			MONOALLELIC, autosomal or pseudoautosomal, NOT imprinted	Susceptibility to migraine with/without arua 13, 613656;MIGRAINE, WITH OR WITHOUT AURA, SUSCEPTIBILITY TO, 13				20871611;22355750		False	1	0;33;67	1.154	False		ENSG00000186795	ENSG00000186795	HGNC:19439													
MME	gene	MME	London North GMS;NHS GMS;Wessex and West Midlands GLH	Hereditary ataxia - adult onset				Spinocerebellar ataxia type 43, 617018						False	1	0;33;67	1.154	False		ENSG00000196549	ENSG00000196549	HGNC:7154													
NAGLU	gene	NAGLU	Expert Review Red;Hereditary ataxia v1.148;London North GMS;NHS GMS;Wessex and West Midlands GLH	Hereditary ataxia - adult onset			BOTH monoallelic and biallelic, autosomal or pseudoautosomal	CMT axon type 2V, 616491;Sanfilippo syndrome B (AR) (OMIM #252920);Sensory neuropathy turning into a mild sensory ataxia (AD)				25818867		False	1	0;33;67	1.154	False	Other - please provide details in the comments	ENSG00000108784	ENSG00000108784	HGNC:7632													
PAX2	gene	PAX2	Expert Review Red;Hereditary ataxia v1.148;London North GMS;NHS GMS;Wessex and West Midlands GLH	Hereditary ataxia - adult onset			Unknown	Ataxia,spastic2,autosomalrecessive(2);Papillorenal syndrome, AR						False	1	0;33;67	1.154	False		ENSG00000075891	ENSG00000075891	HGNC:8616													
PCLO	gene	PCLO	Expert Review Red;Hereditary ataxia v1.148;NHS GMS;Wessex and West Midlands GLH	Hereditary ataxia - adult onset			BIALLELIC, autosomal or pseudoautosomal	Pontocerebellar hypoplasia 3   homozygous non-sense variant identified in the affected individuals of a single pedigree.;Pontocerebellar hypoplasia type 3, 608027				25832664		False	1	0;50;50	1.154	False		ENSG00000186472	ENSG00000186472	HGNC:13406													
PI4KA	gene	PI4KA	NHS GMS;Wessex and West Midlands GLH	Hereditary ataxia - adult onset				Polymicrogyria, perisylvian with cerebellar hypoplasia and arthrogryposis, 616531						False	1	0;50;50	1.154	False		ENSG00000241973	ENSG00000241973	HGNC:8983													
PIK3R5	gene	PIK3R5	Expert Review Red;Hereditary ataxia v1.148;London North GMS;NHS GMS;Wessex and West Midlands GLH	Hereditary ataxia - adult onset			BIALLELIC, autosomal or pseudoautosomal	Ataxia-oculomotor apraxia 3, 615217;Ataxia-oculomotor apraxia 3						False	1	0;33;67	1.154	False		ENSG00000141506	ENSG00000141506	HGNC:30035													
PPP2R2B	gene	PPP2R2B	Expert Review Red;Hereditary ataxia v1.148	Hereditary ataxia - adult onset			Unknown	Spinocerebellarataxia12,604326						False	1	0;0;0	1.154	False	Other - please provide details in the comments	ENSG00000156475	ENSG00000156475	HGNC:9305													
RELN	gene	RELN	Expert Review Red;Hereditary ataxia v1.148;NHS GMS;Wessex and West Midlands GLH	Hereditary ataxia - adult onset			BIALLELIC, autosomal or pseudoautosomal	Lissencephaly 2, 257320						False	1	0;100;0	1.154	False		ENSG00000189056	ENSG00000189056	HGNC:9957													
RUBCN	gene	RUBCN	Expert Review Red;Hereditary ataxia v1.148;NHS GMS;Wessex and West Midlands GLH	Hereditary ataxia - adult onset			BIALLELIC, autosomal or pseudoautosomal	Autosomal recessive spinocerebellar ataxia 15, 615705				20826435		False	1	0;50;50	1.154	False		ENSG00000145016	ENSG00000145016	HGNC:28991													
SCN9A	gene	SCN9A	Brain channelopathy v1.46;Expert Review Red;NHS GMS;Wessex and West Midlands GLH	Hereditary ataxia - adult onset			BOTH monoallelic and biallelic, autosomal or pseudoautosomal	Paroxysmal extreme pain disorder, 167400;Congenital Indifference to Pain;Paroxysmal Extreme Pain Disorder;Hereditary Sensory Neuropathy;Febrile seizures, familial, 3B, 613863;Dysosteosclerosis;Epilepsy, generalized, with febrile seizures plus, type 7, 613863;Insensitivity to pain, channelopathy-associated, 243000;Erythermalgia, primary, 133020;Erythermalgia, Primary						False	1	0;50;50	1.154	False		ENSG00000169432	ENSG00000169432	HGNC:10597													
SLC25A32	gene	SLC25A32	NHS GMS;Wessex and West Midlands GLH	Hereditary ataxia - adult onset				Riboflavin-responsive exericise intolerance, 616839						False	1	0;50;50	1.154	False		ENSG00000164933	ENSG00000164933	HGNC:29683													
SMPD4	gene	SMPD4	London North GMS;NHS GMS;Wessex and West Midlands GLH	Hereditary ataxia - adult onset										False	1	0;33;67	1.154	False		ENSG00000136699	ENSG00000136699	HGNC:32949													
SYT14	gene	SYT14	Expert Review Red;Hereditary ataxia v1.148;NHS GMS;Wessex and West Midlands GLH	Hereditary ataxia - adult onset			BIALLELIC, autosomal or pseudoautosomal	Spinocerebellarataxia,autosomalrecessive11,614229;Autosomal recessive spinocerebellar ataxia 11, 614229						False	1	0;50;50	1.154	False		ENSG00000143469	ENSG00000143469	HGNC:23143													
TBP	gene	TBP	Expert Review Red;Hereditary ataxia v1.148	Hereditary ataxia - adult onset			Unknown	Spinocerebellarataxia17,607136{Parkinsondisease,susceptibilityto},168600						False	1	0;0;0	1.154	False	Other - please provide details in the comments	ENSG00000112592	ENSG00000112592	HGNC:11588													
TDP1	gene	TDP1	Expert Review Red;Hereditary ataxia v1.148;NHS GMS;Wessex and West Midlands GLH	Hereditary ataxia - adult onset			BIALLELIC, autosomal or pseudoautosomal	Autosomal recessive spinocerebellar ataxia with axonal neuropathy, 607250;Spinocerebellar ataxia, autosomal recessive with axonal neuropathy						False	1	0;50;50	1.154	False		ENSG00000042088	ENSG00000042088	HGNC:18884													
THG1L	gene	THG1L	NHS GMS;Wessex and West Midlands GLH	Hereditary ataxia - adult onset				Cerebellar ataxia with developmental delay						False	1	0;50;50	1.154	False		ENSG00000113272	ENSG00000113272	HGNC:26053													
TSEN34	gene	TSEN34	Expert Review Red;Hereditary ataxia v1.148;NHS GMS;Wessex and West Midlands GLH	Hereditary ataxia - adult onset			BIALLELIC, autosomal or pseudoautosomal	Pontocerebellar hypoplasia 2C, 612390;Pontocerebellar hypoplasia 2C (612390)						False	1	0;50;50	1.154	False		ENSG00000170892	ENSG00000170892	HGNC:15506													
TUBA8	gene	TUBA8	NHS GMS;Wessex and West Midlands GLH	Hereditary ataxia - adult onset				Complex cortical dysplasia with other brain malformations 8, 613180						False	1	0;50;50	1.154	False		ENSG00000183785	ENSG00000183785	HGNC:12410													
TUBB	gene	TUBB	NHS GMS;Wessex and West Midlands GLH	Hereditary ataxia - adult onset				Complex cortical dysplasia with other brain malformations 6, 615771						False	1	0;100;0	1.154	False		ENSG00000196230	ENSG00000196230	HGNC:20778													
TUBB2A	gene	TUBB2A	NHS GMS;Wessex and West Midlands GLH	Hereditary ataxia - adult onset				Complex cortical dysplasia with other brain malformations 5, 615763						False	1	0;100;0	1.154	False		ENSG00000137267	ENSG00000137267	HGNC:12412													
UBR4	gene	UBR4	Expert Review Red;Hereditary ataxia v1.148;NHS GMS;Wessex and West Midlands GLH	Hereditary ataxia - adult onset			MONOALLELIC, autosomal or pseudoautosomal, imprinted status unknown	Episodic ataxia;Episodic ataxia type 8, 616055				23982692		False	1	0;50;50	1.154	False		ENSG00000127481	ENSG00000127481	HGNC:30313													
ZNF592	gene	ZNF592	Expert Review Red;Hereditary ataxia v1.148;NHS GMS;Wessex and West Midlands GLH	Hereditary ataxia - adult onset			BIALLELIC, autosomal or pseudoautosomal	Galloway-Mowat Syndrome 1, 251300;Spinocerebellar ataxia, autosomal recessive 5						False	1	0;50;50	1.154	False		ENSG00000166716	ENSG00000166716	HGNC:28986													
FXN_GAA	str	FXN	Wessex and West Midlands GLH;NHS GMS;Expert Review Green;Expert list	Hereditary ataxia - adult onset			BIALLELIC, autosomal or pseudoautosomal	Friedreich ataxia 229300						False	4	100;0;0	1.154	False		ENSG00000165060	ENSG00000165060	HGNC:3951	9	71652203	71652220	69037287	69037304	GAA	44	66					
NOP56_GGCCTG	str	NOP56	Wessex and West Midlands GLH;NHS GMS;Expert Review Green;Expert list	Hereditary ataxia - adult onset			MONOALLELIC, autosomal or pseudoautosomal, NOT imprinted	Spinocerebellar ataxia 36 614153						False	4	100;0;0	1.154	False		ENSG00000101361	ENSG00000101361	HGNC:15911	20	2633380	2633403	2652734	2652757	GGCCTG	15	650					
PPP2R2B_CAG	str	PPP2R2B	Wessex and West Midlands GLH;NHS GMS;Expert Review Green;Expert list	Hereditary ataxia - adult onset			MONOALLELIC, autosomal or pseudoautosomal, NOT imprinted	Spinocerebellar ataxia 12 604326				20301381		False	4	100;0;0	1.154	False		ENSG00000156475	ENSG00000156475	HGNC:9305	5	146258292	146258321	146878729	146878758	CAG	32	51					
TBP_CAG	str	TBP	Wessex and West Midlands GLH;NHS GMS;Expert Review Green;Expert list	Hereditary ataxia - adult onset			MONOALLELIC, autosomal or pseudoautosomal, NOT imprinted	Spinocerebellar ataxia 17 607136				20301611		False	4	100;0;0	1.154	False		ENSG00000112592	ENSG00000112592	HGNC:11588	6	170870996	170871109	170561908	170562021	CAG	41	49					
ATN1_CAG	str	ATN1	Expert Review Green;Expert list	Hereditary ataxia - adult onset			MONOALLELIC, autosomal or pseudoautosomal, NOT imprinted	Dentatorubro-pallidoluysian atrophy 125370				20301664;8136840;20301664;8136840;8136826;7614090		False	3	100;0;0	1.154	False		ENSG00000111676	ENSG00000111676	HGNC:3033	12	7045880	7045936	6936717	6936772	CAG	35	48					
ATXN10_ATTCT	str	ATXN10	Expert Review Green;Expert list	Hereditary ataxia - adult onset			MONOALLELIC, autosomal or pseudoautosomal, NOT imprinted	Spinocerebellar ataxia 10 603516				12164725		False	3	100;0;0	1.154	False		ENSG00000130638	ENSG00000130638	HGNC:10549	22	46191235	46191304	45795355	45795424	ATTCT	32	800					
ATXN1_CAG	str	ATXN1	Expert Review Green;Expert list	Hereditary ataxia - adult onset			MONOALLELIC, autosomal or pseudoautosomal, NOT imprinted	Spinocerebellar ataxia 1 164400						False	3	100;0;0	1.154	False		ENSG00000124788	ENSG00000124788	HGNC:10548	6	16327867	16327953	16327636	16327722	CAG	35	44					
ATXN2_CAG	str	ATXN2	Expert Review Green;Expert list	Hereditary ataxia - adult onset			MONOALLELIC, autosomal or pseudoautosomal, NOT imprinted	Spinocerebellar ataxia 2 183090						False	3	100;0;0	1.154	False		ENSG00000204842	ENSG00000204842	HGNC:10555	12	112036755	112036823	111598951	111599019	CAG	31	33					
ATXN3_CAG	str	ATXN3	Expert Review Green;Expert list	Hereditary ataxia - adult onset			MONOALLELIC, autosomal or pseudoautosomal, NOT imprinted	Machado-Joseph disease 109150						False	3	0;0;0	1.154	False		ENSG00000066427	ENSG00000066427	HGNC:7106	14	92537355	92537396	92071011	92071052	CAG	44	60					
ATXN7_CAG	str	ATXN7	Expert Review Green;Expert list	Hereditary ataxia - adult onset			MONOALLELIC, autosomal or pseudoautosomal, NOT imprinted	Spinocerebellar ataxia 7 164500						False	3	100;0;0	1.154	False		ENSG00000163635	ENSG00000163635	HGNC:10560	3	63898362	63898391	63912686	63912715	CAG	34	36					
CACNA1A_CAG	str	CACNA1A	Expert Review Green;Expert list	Hereditary ataxia - adult onset			MONOALLELIC, autosomal or pseudoautosomal, NOT imprinted	Spinocerebellar ataxia 6 183086						False	3	100;0;0	1.154	False		ENSG00000141837	ENSG00000141837	HGNC:1388	19	13318673	13318711	13207859	13207897	CAG	18	20					
CSTB_CCCCGCCCCGCG	str	CSTB	Expert Review Green;Expert list	Hereditary ataxia - adult onset			BIALLELIC, autosomal or pseudoautosomal	Epilepsy, progressive myoclonic 1A (Unverricht and Lundborg) 254800						False	3	100;0;0	1.154	False		ENSG00000160213	ENSG00000160213	HGNC:2482	21	45196328	45196351	43776429	43776470	CCCCGCCCCGCG	30	30					
HTT_CAG	str	HTT	Expert Review Green;Expert list	Hereditary ataxia - adult onset			MONOALLELIC, autosomal or pseudoautosomal, NOT imprinted	Huntington disease 143100						False	3	100;0;0	1.154	False		ENSG00000197386	ENSG00000197386	HGNC:4851	4	3076604	3076666	3074877	3074939	CAG	40	40					
ISCA-37404-Loss	region		NHS GMS;Wessex and West Midlands GLH;Expert Review Green;Hereditary ataxia v1.148	Hereditary ataxia - adult onset			MONOALLELIC, autosomal or pseudoautosomal, imprinted status unknown	105831;Angelman syndrome;Developmental delay, muscle weakness;Mental retardation;176270;microcephaly;Prader-Willi syndrome				7611294;22045295		False	4	100;0;0	1.154	False					15			22782170	28134729				3		80	cnv_loss	15q11q13 recurrent (PWS/AS) region (BP1-BP3, Class 1) Loss
ISCA-37468-Loss	region		NHS GMS;Wessex and West Midlands GLH;Expert Review Green;Brain channelopathy v1.46	Hereditary ataxia - adult onset			X-LINKED: hemizygous mutation in males, monoallelic mutations in females may cause disease (may be less severe, later onset than females)	hypotonia;episodes of sudden loss of muscle tone;short stature;severe intellectual disability;autistic features;eleveated serotonin levels;exiting behavior;lip-smacking;stereotypical hand movements				23414621;20485326;22365943		False	4	0;0;100	1.154	False					X			43654906	43882474				3		80	cnv_loss	Xp11.23 region (includes MAOA and MAOB) Loss
ISCA-37478-Gain	region		NHS GMS;Wessex and West Midlands GLH;Expert Review Green;Hereditary ataxia v1.148	Hereditary ataxia - adult onset			MONOALLELIC, autosomal or pseudoautosomal, imprinted status unknown	autism, mental retardation, ataxia, seizures, developmental delays, and behavioral problems;hypotonia and motor delays, intellectual disability, autism spectrum disorder (ASD), and epilepsy including infantile spasms, 608636;chromosome 15q11-q13 duplication syndrome				16840569;18374305;9106540		False	4	100;0;0	1.154	False					15			23513243	28312040					3	80	cnv_gain	15q11q13 recurrent (PWS/AS) region (BP2-BP3, Class 2) Gain
ISCA-37478-Loss	region		Expert Review Green;Hereditary ataxia v1.148	Hereditary ataxia - adult onset			MONOALLELIC, autosomal or pseudoautosomal, imprinted status unknown	microcephaly;176270;Mental retardation;Angelman syndrome;Prader-Willi syndrome;Developmental delay, muscle weakness;105830				22045295;7611294		False	4	0;0;0	1.154	False					15			23513243	28312040				3		80	cnv_loss	15q11q13 recurrent (PWS/AS) region (BP2-BP3, Class 2) Loss
