Entity Name	Entity type	Gene Symbol	Sources(; separated)	Level4	Level3	Level2	Model_Of_Inheritance	Phenotypes	Omim	Orphanet	HPO	Publications	Description	Flagged	GEL_Status	UserRatings_Green_amber_red	version	ready	Mode of pathogenicity	EnsemblId(GRch37)	EnsemblId(GRch38)	HGNC	Position Chromosome	Position GRCh37 Start	Position GRCh37 End	Position GRCh38 Start	Position GRCh38 End	STR Repeated Sequence	STR Normal Repeats	STR Pathogenic Repeats	Region Haploinsufficiency Score	Region Triplosensitivity Score	Region Required Overlap Percentage	Region Variant Type	Region Verbose Name
ACAD9	gene	ACAD9	Expert Review Green	Neuromuscular disorders			BIALLELIC, autosomal or pseudoautosomal	Mitochondrial complex I deficiency due to ACAD9 deficiency 611126				25929793		False	4	0;0;0	1.1	False		ENSG00000177646	ENSG00000177646	HGNC:21497													
ACADM	gene	ACADM	Expert Review Green	Neuromuscular disorders			BIALLELIC, autosomal or pseudoautosomal	Acyl-CoA dehydrogenase, medium chain, deficiency of;Rhabdomyolysis						False	4	0;0;0	1.1	False		ENSG00000117054	ENSG00000117054	HGNC:89													
ACADVL	gene	ACADVL	Expert Review Green	Neuromuscular disorders			BIALLELIC, autosomal or pseudoautosomal	VLCAD deficiency				25929793;9973285;8739957		False	4	0;0;0	1.1	False		ENSG00000072778	ENSG00000072778	HGNC:92													
ACTA1	gene	ACTA1	Expert Review Green	Neuromuscular disorders			BOTH monoallelic and biallelic (but BIALLELIC mutations cause a more SEVERE disease form), autosomal or pseudoautosomal	CMD with rigid spine;Nemaline myopathy 3, autosomal dominant or recessive 161800;Myopathy, congenital, with fiber-type disproportion 1 255310;Nemaline myopathy 3, 161800;Myopathy, congenital, with fiber-type disproportion 1;Myopathy, actin, congenital, with cores;Myopathy, actin, congenital, with excess of thin myofilaments;Nemaline myopathy 3				22825594;19562689;26436962;25913210;24642510;25182138 - report of two brothers with congenital muscular dystrophy with rigid spine homozygous for a missense variant (parents were heterozygous, unaffected siblings were either heterozygous or homozygous for the wildtype allele);20179953		False	4	0;0;0	1.1	False		ENSG00000143632	ENSG00000143632	HGNC:129													
AGL	gene	AGL	Expert Review Green	Neuromuscular disorders			BIALLELIC, autosomal or pseudoautosomal	Glycogen storage disease IIIa				20648714;25929793		False	4	0;0;0	1.1	False		ENSG00000162688	ENSG00000162688	HGNC:321													
AGRN	gene	AGRN	Expert Review Green	Neuromuscular disorders			BIALLELIC, autosomal or pseudoautosomal	Myasthenic syndrome, congenital, 8, with pre- and postsynaptic defects, 615120;Congenital myasthenic syndrome				22205389;19631309;24951643		False	4	0;0;0	1.1	False		ENSG00000188157	ENSG00000188157	HGNC:329													
ALDOA	gene	ALDOA	Expert Review Green	Neuromuscular disorders			BIALLELIC, autosomal or pseudoautosomal	Glycogen storage disease XII				25392908;25929793;8598869;2825199;14615364		False	4	0;0;0	1.1	False		ENSG00000149925	ENSG00000149925	HGNC:414													
ANO5	gene	ANO5	Expert Review Green	Neuromuscular disorders			BIALLELIC, autosomal or pseudoautosomal	Limb-Girdle Muscular Dystrophy, Recessive;Muscular dystrophy, limb-girdle, type 2L, 611307;Miyoshi muscular dystrophy 3, 613319;Miyoshi muscular dystrophy 3;Limb-girdle muscular dystrophy;Gnathodiaphyseal dysplasia, 166260;Miyoshi muscular dystrophy 3, 613319;Gnathodiaphyseal dysplasia, 166260;Muscular dystrophy, limb-girdle, type 2L, 611307;Miyoshi muscular dystrophy 3, 613319				25929793;20096397		False	4	0;0;0	1.1	False		ENSG00000171714	ENSG00000171714	HGNC:27337													
AR	gene	AR	Expert Review Green	Neuromuscular disorders			X-LINKED: hemizygous mutation in males, biallelic mutations in females	Androgen insensitivity, 300068;Spinal and bulbar muscular atrophy of Kennedy, 313200;Androgen insensitivity, partial, with or without breast cancer, 312300;Hypospadias 1, X-linked, 300633						False	4	0;0;0	1.1	False	Other - please provide details in the comments	ENSG00000169083	ENSG00000169083	HGNC:644													
ASAH1	gene	ASAH1	Expert Review Green	Neuromuscular disorders			BIALLELIC, autosomal or pseudoautosomal	Spinal muscular atrophy with progressive myoclonic epilepsy, 159950				22703880		False	4	0;0;0	1.1	False		ENSG00000104763	ENSG00000104763	HGNC:735													
B3GALNT2	gene	B3GALNT2	Expert Review Green	Neuromuscular disorders			BIALLELIC, autosomal or pseudoautosomal	congenital muscular dystrophies;Muscular dystrophy-dystroglycanopathy (congenital with brain and eye anomalies typeA 11				23453667		False	4	0;0;0	1.1	False		ENSG00000162885	ENSG00000162885	HGNC:28596													
B4GAT1	gene	B4GAT1	Expert Review Green	Neuromuscular disorders			BIALLELIC, autosomal or pseudoautosomal	Muscular dystrophy-dystroglycanopathy (congenital with brain and eye anomalies), typeA, 13, 615287				23877401 - both publications refer to the gene as B3GNT1 but provide NM_006876.2 as the reference which corresponds to the new gene symbol B4GAT1;23359570		False	4	0;0;0	1.1	False		ENSG00000174684	ENSG00000174684	HGNC:15685													
BAG3	gene	BAG3	Expert Review Green	Neuromuscular disorders			MONOALLELIC, autosomal or pseudoautosomal, NOT imprinted	myofibrillar myopathy 6, 612954;Myopathy, myofibrillar, 6, 612954				19085932;21361913		False	4	0;0;0	1.1	False		ENSG00000151929	ENSG00000151929	HGNC:939													
BICD2	gene	BICD2	Expert Review Green	Neuromuscular disorders			MONOALLELIC, autosomal or pseudoautosomal, NOT imprinted	Spinal muscular atrophy, lower extremity-predominant, 2, AD, 615290						False	4	0;0;0	1.1	False		ENSG00000185963	ENSG00000185963	HGNC:17208													
BIN1	gene	BIN1	Expert Review Green	Neuromuscular disorders			BIALLELIC, autosomal or pseudoautosomal	Myopathy, centronuclear, autosomal recessive, 255200;Centronuclear Myopathy, Recessive						False	4	0;0;0	1.1	False		ENSG00000136717	ENSG00000136717	HGNC:1052													
CACNA1S	gene	CACNA1S	Expert Review Green	Neuromuscular disorders			BOTH monoallelic and biallelic, autosomal or pseudoautosomal	Congenital myopathy;Malignant hyperthermia susceptibility 5, 601887				28012042;25735680;28011884;19825159		False	4	0;0;0	1.1	False		ENSG00000081248	ENSG00000081248	HGNC:1397													
CAPN3	gene	CAPN3	Expert Review Green	Neuromuscular disorders			BIALLELIC, autosomal or pseudoautosomal	Muscular dystrophy, limb-girdle, type 2A, 253600;Limb-girdle muscular dystrophy;Limb-Girdle Muscular Dystrophy, Recessive				http://www.ncbi.nlm.nih.gov/books/NBK1408/		False	4	0;0;0	1.1	False		ENSG00000092529	ENSG00000092529	HGNC:1480													
CAV3	gene	CAV3	Expert Review Green	Neuromuscular disorders			BOTH monoallelic and biallelic, autosomal or pseudoautosomal	Myopathy, distal, Tateyama type, 614321;Limb-Girdle Muscular Dystrophy, Dominant;Cardiomyopathy, familial hypertrophic, 192600;Cardiomyopathy, familial hypertrophic 192600;Muscular dystrophy, limb-girdle, type IC, 607801;Rippling muscle disease, 606072;Limb-girdle muscular dystrophy;Creatine phosphokinase, elevated serum 123320;Myopathy, distal, Tateyama type 614321;Rippling muscle disease 606072;Long QT syndrome 9 611818;Creatine phosphokinase, elevated serum, 123320;Muscular dystrophy, limb-girdle, type IC;Muscular dystrophy, limb-girdle, type IC 607801				http://www.ncbi.nlm.nih.gov/books/NBK1408/		False	4	0;0;0	1.1	False		ENSG00000182533	ENSG00000182533	HGNC:1529													
CFL2	gene	CFL2	Expert Review Green	Neuromuscular disorders			BIALLELIC, autosomal or pseudoautosomal	Nemaline Myopathy, Recessive;Nemaline myopathy 7, autosomal recessive, 610687				17160903;22560515;24610938		False	4	0;0;0	1.1	False		ENSG00000165410	ENSG00000165410	HGNC:1875													
CHAT	gene	CHAT	Expert Review Green	Neuromuscular disorders			BIALLELIC, autosomal or pseudoautosomal	Myasthenic syndrome, congenital, 6, presynaptic, 254210;CMS-EA;Congenital myasthenics sndrome associated with episodic apnea				11172068;12756141		False	4	0;0;0	1.1	False		ENSG00000070748	ENSG00000070748	HGNC:1912													
CHCHD10	gene	CHCHD10	Expert Review Green	Neuromuscular disorders			MONOALLELIC, autosomal or pseudoautosomal, NOT imprinted	Spinal muscular atrophy, Jokela type 615048;?Myopathy, isolated mitochondrial, autosomal dominant 616209;Frontotemporal dementia and/or amyotrophic lateral sclerosis 2 615911				25428574;25193783		False	4	0;0;0	1.1	False		ENSG00000250479	ENSG00000250479	HGNC:15559													
CHKB	gene	CHKB	Expert Review Green	Neuromuscular disorders			BIALLELIC, autosomal or pseudoautosomal	Congenital Muscular Dystrophy, CKHB-related;Muscular dystrophy, congenital, megaconial type, 602541						False	4	0;0;0	1.1	False		ENSG00000100288	ENSG00000100288	HGNC:1938													
CHRNA1	gene	CHRNA1	Expert Review Green	Neuromuscular disorders			BOTH monoallelic and biallelic, autosomal or pseudoautosomal	Myasthenic syndrome, congenital, 1B, fast-channel, 608930;Myasthenic syndrome, congenital, 1A, slow-channel, 601462;fast channel myasthenic syndrome;Acetylcholine receptor deficiency syndrome;Slow channel myasthenic syndrome;Congenital Myasthenic Syndrome, Dominant/Recessive				7619526;PMID:15079006 (Webster et al., 2004) report the heterozygous CHRNA1 mutation causing fast-channel congenital myasthenic syndrome-1B (OMIM:608930). The other reports for this disorder are for biallelic mutations.;15034283		False	4	0;0;0	1.1	False	Other - please provide details in the comments	ENSG00000138435	ENSG00000138435	HGNC:1955													
CHRNB1	gene	CHRNB1	Expert Review Green	Neuromuscular disorders			BOTH monoallelic and biallelic, autosomal or pseudoautosomal	?Myasthenic syndrome, congenital, 2C, associated with acetylcholine receptor deficiency, 616314;Myasthenic syndrome, congenital, 2A, slow-channel, 616313;fast channel myasthenic syndrome;Myasthenic syndrome, slow-channel congenital, 601462;Acetylcholine receptor deficiency syndrome;Slow channel myasthenic syndrome;Congenital Myasthenic Syndrome, Dominant/Recessive				8651643;8872460;22104196;In 3 siblings with congenital myasthenic syndrome-2C associated with AChR deficiency (OMIM:616314), Quiram et al. (1999, PMID:10562302) identified compound heterozygosity for 2 mutations in the CHRNB1 gene.		False	4	0;0;0	1.1	False	Other - please provide details in the comments	ENSG00000170175	ENSG00000170175	HGNC:1961													
CHRND	gene	CHRND	Expert Review Green	Neuromuscular disorders			BOTH monoallelic and biallelic, autosomal or pseudoautosomal	?Myasthenic syndrome, congenital, 3A, slow-channel, 616321;?Myasthenic syndrome, congenital, 3C, associated with acetylcholine receptor deficiency, 616323;Myasthenic syndrome, congenital, 3B, fast-channel, 616322;fast channel myasthenic syndrome;Myasthenic syndrome, slow-channel congenital, 601462;Acetylcholine receptor deficiency syndrome;Slow channel myasthenic syndrome;Congenital Myasthenic Syndrome, Dominant/Recessive				11435464;11782989;16916845		False	4	0;0;0	1.1	False	Other - please provide details in the comments	ENSG00000135902	ENSG00000135902	HGNC:1965													
CHRNE	gene	CHRNE	Expert Review Green	Neuromuscular disorders			BOTH monoallelic and biallelic, autosomal or pseudoautosomal	Myasthenic syndrome, congenital, 4B, fast-channel, 616324;Myasthenic syndrome, congenital, 4C, associated with acetylcholine receptor deficiency, 608931;Myasthenic syndrome, congenital, 4A, slow-channel, 605809;fast channel myasthenic syndrome;Myasthenic syndrome, slow-channel congenital, 601462;Acetylcholine receptor deficiency syndrome;Reduced channel conductance syndrome;Slow channel myasthenic syndrome;Congenital Myasthenic Syndrome, Dominant/Recessive				12417530;14719537;24295813;21175599;25792100		False	4	0;0;0	1.1	False		ENSG00000108556	ENSG00000108556	HGNC:1966													
CHRNG	gene	CHRNG	Expert Review Green	Neuromuscular disorders			BIALLELIC, autosomal or pseudoautosomal	escobar syndrome;Neonatal congenital myasthenia;multiple pterygium syndrome/MPS;Myasthenia gravis, neonatal transient;fetal akinesia deformation sequence syndrome/FADS				25411939;PMID:16826520 (Hoffmann et al., 2006) conclude that Escobar syndrome is a prenatal myasthenia caused by disruption of the acetylcholine receptor fetal gamma subunit. AChRs have five subunits including two alpha, one beta and one delta. For the fifth subunit, gamma subunits are present in early development (switching to epsilon subunits in late fetal development).;22167768;8040310;27245440;16826531		False	4	0;0;0	1.1	False		ENSG00000196811	ENSG00000196811	HGNC:1967													
CNBP	gene	CNBP	Expert Review Green	Neuromuscular disorders			MONOALLELIC, autosomal or pseudoautosomal, NOT imprinted	Myotonic dystrophy 2, 602668						False	4	0;0;0	1.1	False	Other - please provide details in the comments	ENSG00000169714	ENSG00000169714	HGNC:13164													
COL12A1	gene	COL12A1	Expert Review Green	Neuromuscular disorders			BOTH monoallelic and biallelic, autosomal or pseudoautosomal	Bethlem myopathy 2;EDS/myopathy overlap syndrome;Ullrich congenital muscular dystrophy 2				24334769 - two families reported with autosomal dominant variant segregating with Bethlem myopathy.;27348394 - heterozygous variant identified in affected proband with profound hypotonia and joint hyperlaxity at birth after a pregnancy complicated by oligohydramnios and intrauterine growth retardation. The variant was not present in mother but unable to confirm that it was de novo and absent in the father;24334604 - 2 brothers were homozygous for a variant, with heterozygous parents with milder symptoms, and a boy from a seperate family with a de novo heterozygous variant reported. COL12A1 inactivated gene in mouse model showed decreased grip strength, delay in fiber-type transition and  deficiency in passive force generation		False	4	0;0;0	1.1	False		ENSG00000111799	ENSG00000111799	HGNC:2188													
COL13A1	gene	COL13A1	Expert Review Green	Neuromuscular disorders			BIALLELIC, autosomal or pseudoautosomal	Congenital myasthenic syndrome type 19;Myasthenic syndrome, congenital, 19, 616720				PMID:     26626625		False	4	0;0;0	1.1	False		ENSG00000197467	ENSG00000197467	HGNC:2190													
COL6A1	gene	COL6A1	Expert Review Green	Neuromuscular disorders			BOTH monoallelic and biallelic, autosomal or pseudoautosomal	Ullrich congenital muscular dystrophy, 254090;Bethlem myopathy 1;Bethlem myopathy, 158810				23738969;15955946;25535305		False	4	0;0;0	1.1	False		ENSG00000142156	ENSG00000142156	HGNC:2211													
COL6A2	gene	COL6A2	Expert Review Green	Neuromuscular disorders			BOTH monoallelic and biallelic, autosomal or pseudoautosomal	Ullrich congenital muscular dystrophy, 254090;Bethlem myopathy 1;Bethlem myopathy, 158810				15689448		False	4	0;0;0	1.1	False		ENSG00000142173	ENSG00000142173	HGNC:2212													
COL6A3	gene	COL6A3	Expert Review Green	Neuromuscular disorders			BOTH monoallelic and biallelic, autosomal or pseudoautosomal	Bethlem myopathy, 158810Ullrich congenital muscular dystrophy, 254090;Bethlem myopathy 1;Ullrich congenital muscular dystrophy, 254090;Bethlem myopathy, 158810				15689448		False	4	0;0;0	1.1	False		ENSG00000163359	ENSG00000163359	HGNC:2213													
COLQ	gene	COLQ	Expert Review Green	Neuromuscular disorders			BIALLELIC, autosomal or pseudoautosomal	Congenital myasthenic syndrome with endplate acetylcholinesterase deficiency;Congenital Myasthenic Syndrome, Recessive;Myasthenic syndrome, congenital, 5, 603034				10441569;9689136;10665486;PMID:18180250 present the clinical and molecular genetic findings of 22 congenital myasthenic syndrome (CMS) patients from 20 unrelated families, carrying a total of 20 different COLQ mutations: 9 patients were born from consanguineous marriages		False	4	0;0;0	1.1	False		ENSG00000206561	ENSG00000206561	HGNC:2226													
CPT2	gene	CPT2	Expert Review Green	Neuromuscular disorders			BIALLELIC, autosomal or pseudoautosomal	CPT II deficiency, lethal neonatal 608836;CPT II deficiency, infantile 600649;CPT II deficiency, myopathic, stress-induced 255110;CPT II deficiency, myopathic, stress-induced				16602102;25929793;23911907;10873395		False	4	0;0;0	1.1	False		ENSG00000157184	ENSG00000157184	HGNC:2330													
CRYAB	gene	CRYAB	Expert Review Green	Neuromuscular disorders			BOTH monoallelic and biallelic, autosomal or pseudoautosomal	Myopathy, myofibrillar 2, 608810;Myopathy, myofibrillar, fatal infantile hypertrophy, alpha-B crystallin-related 613869				21337604;9731540;14681890		False	4	0;0;0	1.1	False		ENSG00000109846	ENSG00000109846	HGNC:2389													
DAG1	gene	DAG1	Expert Review Green	Neuromuscular disorders			BIALLELIC, autosomal or pseudoautosomal	congenital muscular dystrophies, MDDGA9 (WWS), also hyperckaemia and MDDG C9;Muscular dystrophy-dystroglycanopathy (limb-girdle), type C, 9, 613818;congenital muscular dystrophies;Muscular dystrophy-dystroglycanopathy (congenital with brain and eye anomalies), type A, 9 616538;Walker-Warburg syndrome				21388311;25503980;25934851;24052401;22810924 (functional evidence);26380289 (review of mouse models)		False	4	0;0;0	1.1	False		ENSG00000173402	ENSG00000173402	HGNC:2666													
DES	gene	DES	Expert Review Green	Neuromuscular disorders			BOTH monoallelic and biallelic, autosomal or pseudoautosomal	Myopathy, myofibrillar, 1, 601419;Muscular dystrophy, limb-girdle, type 2R;Scapuloperoneal syndrome, neurogenic, Kaeser type, 181400;Myopathy, myofibrillar 1, 601419				23687351;20718792		False	4	0;0;0	1.1	False		ENSG00000175084	ENSG00000175084	HGNC:2770													
DMD	gene	DMD	Expert Review Green	Neuromuscular disorders			X-LINKED: hemizygous mutation in males, monoallelic mutations in females may cause disease (may be less severe, later onset than males)	Duchenne muscular dystrophy, 310200;Becker muscular dystrophy, 300376						False	4	0;0;0	1.1	False		ENSG00000198947	ENSG00000198947	HGNC:2928													
DNAJB6	gene	DNAJB6	Expert Review Green	Neuromuscular disorders			MONOALLELIC, autosomal or pseudoautosomal, NOT imprinted	Limb-Girdle Muscular Dystrophy, Dominant;Muscular dystrophy, limb-girdle, type 1E, 603511;Myofibrillar Myopathy, Dominant;limb-girdle muscular dystrophy type 1E, 603511				PubMed: 22366786		False	4	0;0;0	1.1	False		ENSG00000105993	ENSG00000105993	HGNC:14888													
DNM2	gene	DNM2	Expert Review Green	Neuromuscular disorders			MONOALLELIC, autosomal or pseudoautosomal, NOT imprinted	Charcot-Marie-Tooth disease, axonal, type 2M, 606482;Myopathy, centronuclear, 160150;Myopathy, centronuclear,				22396310		False	4	0;0;0	1.1	False		ENSG00000079805	ENSG00000079805	HGNC:2974													
DOK7	gene	DOK7	Expert Review Green	Neuromuscular disorders			BIALLELIC, autosomal or pseudoautosomal	Limb girdle congenital myasthenic syndrome;Myasthenia, limb-girdle, familial;Myasthenic syndrome, congenital, 10, 254300				22661499;17452375;18626973 Among 16 patients with CMS10, Selcen et al. (2008) identified 17 different mutations in the DOK7 gene.;16917026 (Beeson et al., 2006) identified a set of DOK7 mutations including a frameshift (rs606231128) in 16 of 21 patients with congenital myasthenic syndrome-10 (CMS10, OMIM:254300)		False	4	0;0;0	1.1	False		ENSG00000175920	ENSG00000175920	HGNC:26594													
DOLK	gene	DOLK	Expert Review Green	Neuromuscular disorders			BIALLELIC, autosomal or pseudoautosomal	Congenital disorder of glycosylation, type Im, 610768				22242004;17273964;23890587		False	4	0;0;0	1.1	False		ENSG00000175283	ENSG00000175283	HGNC:23406													
DPAGT1	gene	DPAGT1	Expert Review Green	Neuromuscular disorders			BIALLELIC, autosomal or pseudoautosomal	Limb girdle congenital myasthenic;Myasthenic syndrome, congenital, 13, with tubular aggregates, 614750;Congenital disorder of glycosylation, type Ij, 608093;tubular aggregates;congenital disorder of glycosylation type Ij (CDG-IJ)				22742743;23447650;25500013;23591138;23278575		False	4	0;0;0	1.1	False		ENSG00000172269	ENSG00000172269	HGNC:2995													
DPM2	gene	DPM2	Expert Review Green	Neuromuscular disorders			BIALLELIC, autosomal or pseudoautosomal	musclular dystrophy dystroglycanopathy syndrome with severe epilepsy;Congenital disorder of glycosylation, type Iu 615042				23109149;19901254		False	4	0;0;0	1.1	False		ENSG00000136908	ENSG00000136908	HGNC:3006													
DYNC1H1	gene	DYNC1H1	Expert Review Green	Neuromuscular disorders			MONOALLELIC, autosomal or pseudoautosomal, NOT imprinted	Spinal muscular atrophy, lower extremity-predominant, AD, 158600				22459677		False	4	0;0;0	1.1	False		ENSG00000197102	ENSG00000197102	HGNC:2961													
EMD	gene	EMD	Expert Review Green	Neuromuscular disorders			X-LINKED: hemizygous mutation in males, monoallelic mutations in females may cause disease (may be less severe, later onset than males)	Emery-Dreifuss muscular dystrophy 1, X-linked;Emery-Dreifuss muscular dystrophy 1, X-linked, 310300						False	4	0;0;0	1.1	False		ENSG00000102119	ENSG00000102119	HGNC:3331													
ENO3	gene	ENO3	Expert Review Green	Neuromuscular disorders			BIALLELIC, autosomal or pseudoautosomal	?Glycogen storage disease XIII				25929793;25267339;11506403		False	4	0;0;0	1.1	False		ENSG00000108515	ENSG00000108515	HGNC:3354													
EPG5	gene	EPG5	Expert Review Green	Neuromuscular disorders			BIALLELIC, autosomal or pseudoautosomal	Vacuolar myopathy;Vici syndrome, 242840				23222957		False	4	0;0;0	1.1	False		ENSG00000152223	ENSG00000152223	HGNC:29331													
ETFA	gene	ETFA	Expert Review Green	Neuromuscular disorders			BIALLELIC, autosomal or pseudoautosomal	Glutaric acidemia IIA 231680				25929793		False	4	0;0;0	1.1	False		ENSG00000140374	ENSG00000140374	HGNC:3481													
ETFB	gene	ETFB	Expert Review Green	Neuromuscular disorders			BIALLELIC, autosomal or pseudoautosomal	Glutaric acidemia IIB				25929793		False	4	0;0;0	1.1	False		ENSG00000105379	ENSG00000105379	HGNC:3482													
ETFDH	gene	ETFDH	Expert Review Green	Neuromuscular disorders			BIALLELIC, autosomal or pseudoautosomal	Glutaric acidemia IIC				25929793		False	4	0;0;0	1.1	False		ENSG00000171503	ENSG00000171503	HGNC:3483													
EXOSC3	gene	EXOSC3	Expert Review Green	Neuromuscular disorders			BIALLELIC, autosomal or pseudoautosomal	Pontocerebellar hypoplasia, type 1B   614678				22544365		False	4	0;0;0	1.1	False		ENSG00000107371	ENSG00000107371	HGNC:17944													
FHL1	gene	FHL1	Expert Review Green	Neuromuscular disorders			X-LINKED: hemizygous mutation in males, monoallelic mutations in females may cause disease (may be less severe, later onset than males)	Emery-Dreifuss muscular dystrophy;Reducing body myopathy, X-linked 1b, with late childhood or adult onset, 300718				7709723;22094483		False	4	0;0;0	1.1	False		ENSG00000022267	ENSG00000022267	HGNC:3702													
FKBP14	gene	FKBP14	Expert Review Green	Neuromuscular disorders			BIALLELIC, autosomal or pseudoautosomal	Ehlers-Danlos syndrome with progressive kyphoscoliosis, myopathy, and hearing loss;Ehlers-Danlos syndrome, kyphoscoliotic type, 2, 614557				22265013		False	4	0;0;0	1.1	False		ENSG00000106080	ENSG00000106080	HGNC:18625													
FKRP	gene	FKRP	Expert Review Green	Neuromuscular disorders			BIALLELIC, autosomal or pseudoautosomal	Muscular dystrophy-dystroglycanopathy (congenital with or without mental retardation), type B, 5;Limb-girdle muscular dystrophy;Muscular dystrophy-dystroglycanopathy (congenital with brain and eye anomalies), type;Muscular dystrophy-dystroglycanopathy (congenital with brain and eye anomalies), type A, 5;Muscular dystrophy-dystroglycanopathy (limb-girdle), type C, 5				http://www.ncbi.nlm.nih.gov/books/NBK1408/		False	4	0;0;0	1.1	False		ENSG00000181027	ENSG00000181027	HGNC:17997													
FKTN	gene	FKTN	Expert Review Green	Neuromuscular disorders			BIALLELIC, autosomal or pseudoautosomal	Fukuyama Congenital Muscular Dystrophy;Muscular dystrophy-dystroglycanopathy (with brain and eye anomalies), 253800;Limb-girdle muscular dystrophy;Muscular dystrophy-dystroglycanopathy (limb-girdle), type C, 4, 611588;Fukuyama congenital muscular dystrophy;Muscular dystrophy-dystroglycanopathy (without mental retardation), 613152;Cardiomyopathy, dilated, 1X, 611615;Muscular dystrophy-dystroglycanopathy (congenital with brain and eye anomalies), type				25929793		False	4	0;0;0	1.1	False		ENSG00000106692	ENSG00000106692	HGNC:3622													
FLNC	gene	FLNC	Expert Review Green	Neuromuscular disorders			MONOALLELIC, autosomal or pseudoautosomal, NOT imprinted	Myopathy, myofibrillar, 5, 609524;Myopathy, myofibrillar, 5;Distal myopathy 4, 614065				15824355;15929027;21620354		False	4	0;0;0	1.1	False		ENSG00000128591	ENSG00000128591	HGNC:3756													
GAA	gene	GAA	Expert Review Green	Neuromuscular disorders			BIALLELIC, autosomal or pseudoautosomal	Glycogen storage disease II				25929793;14695532;18425781		False	4	0;0;0	1.1	False		ENSG00000171298	ENSG00000171298	HGNC:4065													
GBE1	gene	GBE1	Expert Review Green	Neuromuscular disorders			BIALLELIC, autosomal or pseudoautosomal	Glycogen storage disease IV				15452297;20058079		False	4	0;0;0	1.1	False		ENSG00000114480	ENSG00000114480	HGNC:4180													
GFPT1	gene	GFPT1	Expert Review Green	Neuromuscular disorders			BIALLELIC, autosomal or pseudoautosomal	Limb-girdle congenital myasthenic syndrome;Myasthenia, congenital, 12, with tubular aggregates, 610542;Congenital Myasthenic Syndrome, Recessive;tubular aggregates				21975507;23569079;In 13 unrelated families with autosomal recessive congenital myasthenic syndrome-12 (CMS12, OMIM:610542), Senderek et al. (2011, PMID:21310273) identified 18 different mutations in the GFPT1 gene. All mutations were homozygous or compound heterozygous;22230109		False	4	0;0;0	1.1	False		ENSG00000198380	ENSG00000198380	HGNC:4241													
GMPPB	gene	GMPPB	Expert Review Green	Neuromuscular disorders			BIALLELIC, autosomal or pseudoautosomal	MDDGC14 with features of CMS;muscular dystrophy-dystroglycanopathy;Muscular dystrophy-dystroglycanopathy (limb-girdle), type C, 14;Muscular dystrophy-dystroglycanopathy (congenital with brain and eye anomalies), type A, 14;congenital muscular dystrophy with mental retardation;GMPPB-CMS;Muscular dystrophy-dystroglycanopathy (congenital with mental retardation), type B, 14;Congenital Myasthenic Syndrome;Muscular dystrophy-dystroglycanopathy (congenital with brain and eye anomalies), type;Muscular dystrophy-dystroglycanopathy (limb-girdle), type C, 14 with features of congenital myasthenic syndrome				26133662;23768512		False	4	0;0;0	1.1	False		ENSG00000173540	ENSG00000173540	HGNC:22932													
GNE	gene	GNE	Expert Review Green	Neuromuscular disorders			BIALLELIC, autosomal or pseudoautosomal	Nonaka myopathy, 605820				16372135		False	4	0;0;0	1.1	False		ENSG00000159921	ENSG00000159921	HGNC:23657													
GYG1	gene	GYG1	Expert Review Green	Neuromuscular disorders			BIALLELIC, autosomal or pseudoautosomal	Glycogen storage disease XV,613507;Polyglucosan body myopathy 2, 616199				26652229;26255073;27544502;25272951;20357282		False	4	0;0;0	1.1	False		ENSG00000163754	ENSG00000163754	HGNC:4699													
GYS1	gene	GYS1	Expert Review Green	Neuromuscular disorders			BIALLELIC, autosomal or pseudoautosomal	Glycogen storage disease 0, muscle, 611556				27604308;19699667;17928598;24579562;21958591		False	4	0;0;0	1.1	False		ENSG00000104812	ENSG00000104812	HGNC:4706													
HADHA	gene	HADHA	Expert Review Green	Neuromuscular disorders			BIALLELIC, autosomal or pseudoautosomal	Trifunctional protein deficiency				25929793		False	4	0;0;0	1.1	False		ENSG00000084754	ENSG00000084754	HGNC:4801													
HADHB	gene	HADHB	Expert Review Green	Neuromuscular disorders			BIALLELIC, autosomal or pseudoautosomal	Trifunctional protein deficiency, 609015				25929793		False	4	0;0;0	1.1	False		ENSG00000138029	ENSG00000138029	HGNC:4803													
HSPB1	gene	HSPB1	Expert Review Green	Neuromuscular disorders			MONOALLELIC, autosomal or pseudoautosomal, NOT imprinted	Neuropathy, distal hereditary motor type IIB, 608634				15122254		False	4	0;0;0	1.1	False		ENSG00000106211	ENSG00000106211	HGNC:5246													
HSPB8	gene	HSPB8	Expert Review Green	Neuromuscular disorders			MONOALLELIC, autosomal or pseudoautosomal, NOT imprinted	Neuropathy, distal hereditary motor type IIA, 158590;Distal myopathy				15122253		False	4	0;0;0	1.1	False		ENSG00000152137	ENSG00000152137	HGNC:30171													
HTRA2	gene	HTRA2	Expert Review Green	Neuromuscular disorders			BIALLELIC, autosomal or pseudoautosomal	3-methylglutaconic aciduria, type VIII				27696117;27208207		False	4	0;0;0	1.1	False		ENSG00000115317	ENSG00000115317	HGNC:14348													
IGHMBP2	gene	IGHMBP2	Expert Review Green	Neuromuscular disorders			BIALLELIC, autosomal or pseudoautosomal	Spinal muscular atrophy with respiratory distress, 604320						False	4	0;0;0	1.1	False	Loss-of-function variants (as defined in pop up message) DO NOT cause this phenotype - please provide details in the comments	ENSG00000132740	ENSG00000132740	HGNC:5542													
INPP5K	gene	INPP5K	Expert Review Green	Neuromuscular disorders			BIALLELIC, autosomal or pseudoautosomal	Congenital Muscular Dystrophy with Cataracts and Mild Cognitive Impairment;Congenital Muscular Dystrophy Overlapping Marinesco-Sjogren Syndrome and Dystroglycanopathy				28190459;28190456		False	4	0;0;0	1.1	False		ENSG00000132376	ENSG00000132376	HGNC:33882													
ISCU	gene	ISCU	Expert Review Green	Neuromuscular disorders			BIALLELIC, autosomal or pseudoautosomal	Myopathy with lactic acidosis, hereditary, 255125				18296749		False	4	0;0;0	1.1	False		ENSG00000136003	ENSG00000136003	HGNC:29882													
ITGA7	gene	ITGA7	Expert Review Green	Neuromuscular disorders			BIALLELIC, autosomal or pseudoautosomal	Muscular dystrophy, congenital, due to ITGA7 deficiency, 613204;Congenital Muscular Dystrophy, ITGA7-related				26076707;9590299;18045857		False	4	0;0;0	1.1	False		ENSG00000135424	ENSG00000135424	HGNC:6143													
KBTBD13	gene	KBTBD13	Expert Review Green	Neuromuscular disorders			MONOALLELIC, autosomal or pseudoautosomal, imprinted status unknown	Nemaline Myopathy, Dominant;Nemaline myopathy 6, autosomal dominant, 609273				21109227		False	4	0;0;0	1.1	False		ENSG00000234438	ENSG00000234438	HGNC:37227													
KLHL40	gene	KLHL40	Expert Review Green	Neuromuscular disorders			BIALLELIC, autosomal or pseudoautosomal	Nemaline myopathy 8, autosomal recessive, 615348				23746549		False	4	0;0;0	1.1	False		ENSG00000157119	ENSG00000157119	HGNC:30372													
KLHL41	gene	KLHL41	Expert Review Green	Neuromuscular disorders			BIALLELIC, autosomal or pseudoautosomal	Nemaline myopathy 9, 615731				24268659		False	4	0;0;0	1.1	False		ENSG00000239474	ENSG00000239474	HGNC:16905													
LAMA2	gene	LAMA2	Expert Review Green	Neuromuscular disorders			BIALLELIC, autosomal or pseudoautosomal	Muscular dystrophy, congenital merosin-deficient, 607855;Congenital Muscular Dystrophy, LAMA2-related;Muscular dystrophy, congenital, due to partial LAMA2 deficiency 607855						False	4	0;0;0	1.1	False		ENSG00000196569	ENSG00000196569	HGNC:6482													
LAMP2	gene	LAMP2	Expert Review Green	Neuromuscular disorders			X-LINKED: hemizygous mutation in males, monoallelic mutations in females may cause disease (may be less severe, later onset than males)	Vacuolar myopathy;Danon disease, 300257				12084876;21415759		False	4	0;0;0	1.1	False		ENSG00000005893	ENSG00000005893	HGNC:6501													
LARGE1	gene	LARGE1	Expert Review Green	Neuromuscular disorders			BIALLELIC, autosomal or pseudoautosomal	Muscular dystrophy-dystroglycanopathy (congenital with mental retardation), type B, 6, 608840;Muscular dystrophy-dystroglycanopathy (congenital with brain and eye anomalies), type A, 6, 613154;Congenital Muscular Dystrophy, alpha-dystroglycan related						False	4	0;0;0	1.1	False		ENSG00000133424	ENSG00000133424	HGNC:6511													
LDB3	gene	LDB3	Expert Review Green	Neuromuscular disorders			MONOALLELIC, autosomal or pseudoautosomal, NOT imprinted	Myopathy, myofibrillar 4, 609452;Myofibrillar Myopathy, Dominant				15668942		False	4	0;0;0	1.1	False		ENSG00000122367	ENSG00000122367	HGNC:15710													
LDHA	gene	LDHA	Expert Review Green	Neuromuscular disorders			BIALLELIC, autosomal or pseudoautosomal	Glycogen storage disease XI, 612933				27604308;1953713		False	4	0;0;0	1.1	False		ENSG00000134333	ENSG00000134333	HGNC:6535													
LGI4	gene	LGI4	Expert Review Green	Neuromuscular disorders			BIALLELIC, autosomal or pseudoautosomal	Arthrogryposis multiplex congenita, neurogenic, with myelin defect, 617468;Arthrogryposis Multiplex Congenita;AMCNMY				16341215;28318499;15857855		False	4	0;0;0	1.1	False		ENSG00000153902	ENSG00000153902	HGNC:18712													
LMNA	gene	LMNA	Expert Review Green	Neuromuscular disorders			BOTH monoallelic and biallelic, autosomal or pseudoautosomal	Emery-Dreifuss muscular dystrophy 2, AD, 181350;Congenital fiber type disproportion myopathy;Congenital Muscular Dystrophy, LMNA-related (Dominant);Limb-girdle muscular dystrophy;Limb-Girdle Muscular Dystrophy, Recessive				24642510		False	4	0;0;0	1.1	False		ENSG00000160789	ENSG00000160789	HGNC:6636													
LMOD3	gene	LMOD3	Expert Review Green	Neuromuscular disorders			BIALLELIC, autosomal or pseudoautosomal	Nemaline myopathy 10  616165				PMID 25250574		False	4	0;0;0	1.1	False		ENSG00000163380	ENSG00000163380	HGNC:6649													
LPIN1	gene	LPIN1	Expert Review Green	Neuromuscular disorders			BIALLELIC, autosomal or pseudoautosomal	Myoglobinuria, acute recurrent, autosomal recessive, 268200				25929793		False	4	0;0;0	1.1	False		ENSG00000134324	ENSG00000134324	HGNC:13345													
LRP4	gene	LRP4	Expert Review Green	Neuromuscular disorders			BIALLELIC, autosomal or pseudoautosomal	Myasthenic syndrome, congenital, 17, 616304;Congenital myasthenic syndrome				PMID:     24234652;PMID:     26052878		False	4	0;0;0	1.1	False		ENSG00000134569	ENSG00000134569	HGNC:6696													
MAP3K20	gene	MAP3K20	Expert Review Green	Neuromuscular disorders			BIALLELIC, autosomal or pseudoautosomal	congenital myopathy with fibre type disproportion				27816943		False	4	0;0;0	1.1	False		ENSG00000091436	ENSG00000091436	HGNC:17797													
MATR3	gene	MATR3	Expert Review Green	Neuromuscular disorders			MONOALLELIC, autosomal or pseudoautosomal, NOT imprinted	Distal Myopathy;Amyotrophic lateral sclerosis 21 606070				24686783		False	4	0;0;0	1.1	False		ENSG00000015479	ENSG00000015479	HGNC:6912													
MEGF10	gene	MEGF10	Expert Review Green	Neuromuscular disorders			BIALLELIC, autosomal or pseudoautosomal	Myopathy, areflexia, respiratory distress, and dysphagia, early-onset, 614399;Myopathy, Early-Onset, Areflexia, Respiratory Distress, and Dysphagia				22101682		False	4	0;0;0	1.1	False		ENSG00000145794	ENSG00000145794	HGNC:29634													
MICU1	gene	MICU1	Expert Review Green	Neuromuscular disorders			BIALLELIC, autosomal or pseudoautosomal	Myopathy with extrapyramidal signs, 615673				24336167		False	4	0;0;0	1.1	False		ENSG00000107745	ENSG00000107745	HGNC:1530													
MTM1	gene	MTM1	Expert Review Green	Neuromuscular disorders			X-LINKED: hemizygous mutation in males, biallelic mutations in females	Myotubular myopathy, X-linked, 310400;X-linked myotubular myopathy				8640223		False	4	0;0;0	1.1	False		ENSG00000171100	ENSG00000171100	HGNC:7448													
MUSK	gene	MUSK	Expert Review Green	Neuromuscular disorders			BIALLELIC, autosomal or pseudoautosomal	Congenital Myasthenic Syndrome, Recessive;Myasthenic syndrome, congenital, 9, associated with acetylcholine receptor deficiency, 616325;Congenital myasthenic syndrome				16550915;19949040;15496425;23326516;24183479		False	4	0;0;0	1.1	False		ENSG00000030304	ENSG00000030304	HGNC:7525													
MYH2	gene	MYH2	Expert Review Green	Neuromuscular disorders			MONOALLELIC, autosomal or pseudoautosomal, imprinted status unknown	Proximal myopathy and ophthalmoplegia 605637						False	4	0;0;0	1.1	False		ENSG00000125414	ENSG00000125414	HGNC:7572													
MYH3	gene	MYH3	Expert Review Green	Neuromuscular disorders			MONOALLELIC, autosomal or pseudoautosomal, imprinted status unknown	Arthrogryposis, distal, type 2A 193700;Arthrogryposis, distal, type 8 178110;Arthrogryposis, distal, type 2B 601680				26578207;18695058		False	4	0;0;0	1.1	False		ENSG00000109063	ENSG00000109063	HGNC:7573													
MYH7	gene	MYH7	Expert Review Green	Neuromuscular disorders			MONOALLELIC, autosomal or pseudoautosomal, NOT imprinted	Laing distal myopathy, 160500				20301606		False	4	0;0;0	1.1	False		ENSG00000092054	ENSG00000092054	HGNC:7577													
MYH8	gene	MYH8	Expert Review Green	Neuromuscular disorders			MONOALLELIC, autosomal or pseudoautosomal, imprinted status unknown	Trismus-pseudocamptodactyly syndrome 158300				17041932		False	4	0;0;0	1.1	False		ENSG00000133020	ENSG00000133020	HGNC:7578													
MYMK	gene	MYMK	Expert Review Green	Neuromuscular disorders			BIALLELIC, autosomal or pseudoautosomal	Carey-Fineman-Ziter syndrome				28681861		False	4	0;0;0	1.1	False		ENSG00000187616	ENSG00000187616	HGNC:33778													
MYO18B	gene	MYO18B	Expert Review Green	Neuromuscular disorders			BIALLELIC, autosomal or pseudoautosomal	KLIPPEL-FEIL SYNDROME 4, AUTOSOMAL RECESSIVE, WITH NEMALINE MYOPATHY AND FACIAL DYSMORPHISM				27858739;25748484;27879346		False	4	0;0;0	1.1	False		ENSG00000133454	ENSG00000133454	HGNC:18150													
MYOT	gene	MYOT	Expert Review Green	Neuromuscular disorders			MONOALLELIC, autosomal or pseudoautosomal, NOT imprinted	Myopathy, myofibrillar, 3 609200;Limb-Girdle Muscular Dystrophy, Dominant;Muscular dystrophy, limb-girdle, type 1A, 159000;Limb-girdle muscular dystrophy;Muscular dystrophy, limb-girdle, type 1A 159000;Myopathy, spheroid body 182920				15111675		False	4	0;0;0	1.1	False		ENSG00000120729	ENSG00000120729	HGNC:12399													
NEB	gene	NEB	Expert Review Green	Neuromuscular disorders			BIALLELIC, autosomal or pseudoautosomal	Nemaline myopathy 2, 256030;Nemaline myopathy 2, autosomal recessive, 256030;Nemaline Myopathy, Recessive				12207937		False	4	0;0;0	1.1	False		ENSG00000183091	ENSG00000183091	HGNC:7720													
ORAI1	gene	ORAI1	Expert Review Green	Neuromuscular disorders			MONOALLELIC, autosomal or pseudoautosomal, imprinted status unknown	Myopathy, tubular aggregate, 2 615883				28058752;25227914		False	4	0;0;0	1.1	False		ENSG00000182500	ENSG00000276045	HGNC:25896													
PFKM	gene	PFKM	Expert Review Green	Neuromuscular disorders			BIALLELIC, autosomal or pseudoautosomal	Glycogen storage disease VII				25929793;8037209;11949936		False	4	0;0;0	1.1	False		ENSG00000152556	ENSG00000152556	HGNC:8877													
PGAM2	gene	PGAM2	Expert Review Green	Neuromuscular disorders			BIALLELIC, autosomal or pseudoautosomal	Glycogen storage disease X				25929793;19273759;8447317		False	4	0;0;0	1.1	False		ENSG00000164708	ENSG00000164708	HGNC:8889													
PGK1	gene	PGK1	Expert Review Green	Neuromuscular disorders			X-LINKED: hemizygous mutation in males, biallelic mutations in females	Phosphoglycerate kinase 1 deficiency				22348148;1547346		False	4	0;0;0	1.1	False		ENSG00000102144	ENSG00000102144	HGNC:8896													
PGM1	gene	PGM1	Expert Review Green	Neuromuscular disorders			BIALLELIC, autosomal or pseudoautosomal	Congenital disorder of glycosylation, type It				25929793;19625727;22492991		False	4	0;0;0	1.1	False		ENSG00000079739	ENSG00000079739	HGNC:8905													
PHKA1	gene	PHKA1	Expert Review Green	Neuromuscular disorders			X-LINKED: hemizygous mutation in males, biallelic mutations in females	Muscle glycogenosis, 300559				27604308;25929793;15637709;12825073		False	4	0;0;0	1.1	False		ENSG00000067177	ENSG00000067177	HGNC:8925													
PHKB	gene	PHKB	Expert Review Green	Neuromuscular disorders			BIALLELIC, autosomal or pseudoautosomal	Phosphorylase kinase deficiency of liver and muscle, autosomal recessive				27604308		False	4	0;0;0	1.1	False		ENSG00000102893	ENSG00000102893	HGNC:8927													
PLEC	gene	PLEC	Expert Review Green	Neuromuscular disorders			BIALLELIC, autosomal or pseudoautosomal	Plectin deficiency;myasthenic syndrome;Limb-girdle muscular dystrophy;Congenital myasthenic syndrome;Muscular dystrophy with epidermolysis bullosa simplex, 226670;Congenital myasthenic syndrome associatedwith epidermolysis bullosa (EBS)				10446808;27472506 (Review);21175599;21263134;25683118		False	4	0;0;0	1.1	False		ENSG00000178209	ENSG00000178209	HGNC:9069													
POLG	gene	POLG	Expert Review Green	Neuromuscular disorders			BOTH monoallelic and biallelic, autosomal or pseudoautosomal	Mitochondrial DNA depletion syndrome 4A (Alpers type)				157640;Progressive external ophthalmoplegia, autosomal recessive 1 258450		False	4	0;0;0	1.1	False		ENSG00000140521	ENSG00000140521	HGNC:9179													
POLG2	gene	POLG2	Expert Review Green	Neuromuscular disorders			MONOALLELIC, autosomal or pseudoautosomal, NOT imprinted	Progressive external ophthalmoplegia with mitochondrial DNA deletions, autosomal dominant 4				25929793		False	4	0;0;0	1.1	False		ENSG00000256525	ENSG00000256525	HGNC:9180													
POMGNT1	gene	POMGNT1	Expert Review Green	Neuromuscular disorders			BIALLELIC, autosomal or pseudoautosomal	Muscular dystrophy-dystroglycanopathy (congenital with mental retardation), type B, 3  613151;Limb-girdle muscular dystrophy;Muscular dystrophy-dystroglycanopathy (limb-girdle), type C, 3  613157;Muscular dystrophy-dystroglycanopathy (congenital with brain and eye anomalies), type A, 3  253280;Muscular dystrophy-dystroglycanopathy (congenital with brain and eye anomalies), type;Limb-Girdle Muscular Dystrophy, Recessive						False	4	0;0;0	1.1	False		ENSG00000085998	ENSG00000085998	HGNC:19139													
POMGNT2	gene	POMGNT2	Expert Review Green	Neuromuscular disorders			BIALLELIC, autosomal or pseudoautosomal	Muscular dystrophy-dystroglycanopathy (congenital with brain and eye anomalies, type A, 8;Walker-Warburg syndrome;Muscular dystrophy-dystroglycanopathy (congenital with brain and eye anomalies type				27066570		False	4	0;0;0	1.1	False		ENSG00000144647	ENSG00000144647	HGNC:25902													
POMK	gene	POMK	Expert Review Green	Neuromuscular disorders			BIALLELIC, autosomal or pseudoautosomal	?Muscular dystrophy-dystroglycanopathy (limb-girdle) type C, 12, 616094;Muscular dystrophy-dystroglycanopathy (congenital with brain and eye anomalies), type A, 12;Muscular dystrophy-dystroglycanopathy (congenital with brain and eye anomalies), type A, 12, 615249				24556084;24925318		False	4	0;0;0	1.1	False		ENSG00000185900	ENSG00000185900	HGNC:26267													
POMT1	gene	POMT1	Expert Review Green	Neuromuscular disorders			BIALLELIC, autosomal or pseudoautosomal	Limb-girdle muscular dystrophy;Muscular dystrophy-dystroglycanopathy (congenital with brain and eye anomalies), type;Limb-Girdle Muscular Dystrophy, Recessive						False	4	0;0;0	1.1	False		ENSG00000130714	ENSG00000130714	HGNC:9202													
POMT2	gene	POMT2	Expert Review Green	Neuromuscular disorders			BIALLELIC, autosomal or pseudoautosomal	Muscular dystrophy-dystroglycanopathy (congenital with brain and eye anomalies), type A, 2;Limb-girdle muscular dystrophy;Muscular dystrophy-dystroglycanopathy (congenital with brain and eye anomalies), type;Limb-Girdle Muscular Dystrophy, Recessive						False	4	0;0;0	1.1	False		ENSG00000009830	ENSG00000009830	HGNC:19743													
PRKAG2	gene	PRKAG2	Expert Review Green	Neuromuscular disorders			MONOALLELIC, autosomal or pseudoautosomal, NOT imprinted	Cardiomyopathy, hypertrophic 6, 600858;Glycogen storage disease of heart, lethal congenital, 261740;Wolff-Parkinson-White syndrome, 194200				27604308		False	4	0;0;0	1.1	False		ENSG00000106617	ENSG00000106617	HGNC:9386													
PYGM	gene	PYGM	Expert Review Green	Neuromuscular disorders			BIALLELIC, autosomal or pseudoautosomal	Glycogen storage disease V;McArdle disease, 232600				25929793;16786513;8316268		False	4	0;0;0	1.1	False		ENSG00000068976	ENSG00000068976	HGNC:9726													
RAPSN	gene	RAPSN	Expert Review Green	Neuromuscular disorders			BIALLELIC, autosomal or pseudoautosomal	acute respiratory crises;Congenital Myasthenic Syndrome, Recessive;late and early onset;Myasthenic syndrome, congenital, 11, associated with acetylcholine receptor deficiency, 616326;Congenital myasthenic syndrome				15145336;16945936;11791205;14504330		False	4	0;0;0	1.1	False		ENSG00000165917	ENSG00000165917	HGNC:9863													
RRM2B	gene	RRM2B	Expert Review Green	Neuromuscular disorders			BOTH monoallelic and biallelic, autosomal or pseudoautosomal	Mitochondrial DNA depletion syndrome 8A (encephalomyopathic type with renal tubulopathy)				25929793		False	4	0;0;0	1.1	False		ENSG00000048392	ENSG00000048392	HGNC:17296													
RYR1	gene	RYR1	Expert Review Green	Neuromuscular disorders			BOTH monoallelic and biallelic, autosomal or pseudoautosomal	Central core disease, 117000;Neuromuscular disease, congenital, with uniform type 1 fiber;Malignant hyperthermia susceptibility 1 145600;Minicore myopathy with external ophthalmoplegia, 255320;Neuromuscular disease, congenital, with uniform type 1 fiber 117000;Central core disease 117000;Minicore myopathy with external ophthalmoplegia 255320;Minicore myopathy with external ophthalmoplegia;{Malignant hyperthermia susceptibility 1}, 145600;congenital muscular dystrophies;Central core disease;Neuromuscular disease, congenital, with uniform type 1 fiber, 117000  King-Denborough syndrome, 145600				26799446		False	4	0;0;0	1.1	False		ENSG00000196218	ENSG00000196218	HGNC:10483													
SCN4A	gene	SCN4A	Expert Review Green	Neuromuscular disorders			BIALLELIC, autosomal or pseudoautosomal	congenital myopathy;Congenital Myasthenic Syndrome, Recessive;congenital myasthenic syndromes;Myasthenic syndrome, congenital, 16, 614198				26700687		False	4	0;0;0	1.1	False		ENSG00000007314	ENSG00000007314	HGNC:10591													
SELENON	gene	SELENON	Expert Review Green	Neuromuscular disorders			BIALLELIC, autosomal or pseudoautosomal	Muscular dystrophy, rigid spine, 1 602771;Myopathy, congenital, with fiber-type disproportion 255310;Muscular dystrophy, rigid spine, 1, 602771				26780752;16365872		False	4	0;0;0	1.1	False		ENSG00000162430	ENSG00000162430	HGNC:15999													
SGCA	gene	SGCA	Expert Review Green	Neuromuscular disorders			BIALLELIC, autosomal or pseudoautosomal	Muscular dystrophy, limb-girdle, type 2D, 608099;Limb-girdle muscular dystrophy				http://www.ncbi.nlm.nih.gov/books/NBK1408/		False	4	0;0;0	1.1	False		ENSG00000108823	ENSG00000108823	HGNC:10805													
SGCB	gene	SGCB	Expert Review Green	Neuromuscular disorders			BIALLELIC, autosomal or pseudoautosomal	Limb-girdle muscular dystrophy;Limb-Girdle Muscular Dystrophy, Recessive;Muscular dystrophy, limb-girdle, type 2E, 604286				http://www.ncbi.nlm.nih.gov/books/NBK1408/		False	4	0;0;0	1.1	False		ENSG00000163069	ENSG00000163069	HGNC:10806													
SGCD	gene	SGCD	Expert Review Green	Neuromuscular disorders			BIALLELIC, autosomal or pseudoautosomal	Muscular dystrophy, limb-girdle, type 2F, 601287;Limb-girdle muscular dystrophy;Limb-Girdle Muscular Dystrophy, Recessive				http://www.ncbi.nlm.nih.gov/books/NBK1408/		False	4	0;0;0	1.1	False		ENSG00000170624	ENSG00000170624	HGNC:10807													
SGCG	gene	SGCG	Expert Review Green	Neuromuscular disorders			BIALLELIC, autosomal or pseudoautosomal	Muscular dystrophy, limb-girdle, type 2C, 253700;Limb-girdle muscular dystrophy;Limb-Girdle Muscular Dystrophy, Recessive				http://www.ncbi.nlm.nih.gov/books/NBK1408/		False	4	0;0;0	1.1	False		ENSG00000102683	ENSG00000102683	HGNC:10809													
SIL1	gene	SIL1	Expert Review Green	Neuromuscular disorders			BIALLELIC, autosomal or pseudoautosomal	Marinesco-Sjogren syndrome, 248800				25929793		False	4	0;0;0	1.1	False		ENSG00000120725	ENSG00000120725	HGNC:24624													
SLC18A3	gene	SLC18A3	Expert Review Green	Neuromuscular disorders			BIALLELIC, autosomal or pseudoautosomal	Myasthenic syndrome, congenital, 21, presynaptic, 617239;ophthalmopleggia and apnea;Congenital myasthenic syndrome				PMID:     27590285		False	4	0;0;0	1.1	False		ENSG00000187714	ENSG00000187714	HGNC:10936													
SLC22A5	gene	SLC22A5	Expert Review Green	Neuromuscular disorders			BIALLELIC, autosomal or pseudoautosomal	Carnitine deficiency, systemic primary				25929793		False	4	0;0;0	1.1	False		ENSG00000197375	ENSG00000197375	HGNC:10969													
SLC25A4	gene	SLC25A4	Expert Review Green	Neuromuscular disorders			MONOALLELIC, autosomal or pseudoautosomal, imprinted status unknown	Mitochondrial myopathy;Mitochondrial DNA depletion syndrome 12A (cardiomyopathic type) AD 617184;Progressive external ophthalmoplegia with mitochondrial DNA deletions, autosomal dominant 2 609283				27693233;25732997		False	4	0;0;0	1.1	False		ENSG00000151729	ENSG00000151729	HGNC:10990													
SLC52A2	gene	SLC52A2	Expert Review Green	Neuromuscular disorders			BIALLELIC, autosomal or pseudoautosomal	Brown-Vialetto-Van Laere syndrome 2, 614707				22864630;23243084		False	4	0;0;0	1.1	False	Loss-of-function variants (as defined in pop up message) DO NOT cause this phenotype - please provide details in the comments	ENSG00000185803	ENSG00000185803	HGNC:30224													
SLC52A3	gene	SLC52A3	Expert Review Green	Neuromuscular disorders			BIALLELIC, autosomal or pseudoautosomal	Brown-Vialetto-Van Laere syndrome 1, 211530				20206331;20920669		False	4	0;0;0	1.1	False	Loss-of-function variants (as defined in pop up message) DO NOT cause this phenotype - please provide details in the comments	ENSG00000101276	ENSG00000101276	HGNC:16187													
SLC5A7	gene	SLC5A7	Expert Review Green	Neuromuscular disorders			BOTH monoallelic and biallelic, autosomal or pseudoautosomal	Neuronopathy, distal hereditary motor, type VIIA   158580;Myasthenic syndrome, congenital, 20, presynaptic, 617143;Hereditory motor neuropathy;Congenital myasthenic syndrome				23141292		False	4	0;0;0	1.1	False		ENSG00000115665	ENSG00000115665	HGNC:14025													
SMN1	gene	SMN1	Expert Review Green	Neuromuscular disorders			BIALLELIC, autosomal or pseudoautosomal	Spinal muscular atrophy 1, 253300;Spinal muscular atrophy 2, 253550;Spinal muscular atrophy 3, 253400;Spinal muscular atrophy 4, 271150				7813012		False	4	0;0;0	1.1	False	Loss-of-function variants (as defined in pop up message) DO NOT cause this phenotype - please provide details in the comments	ENSG00000172062	ENSG00000172062	HGNC:11117													
SPEG	gene	SPEG	Expert Review Green	Neuromuscular disorders			BIALLELIC, autosomal or pseudoautosomal	Centronuclear myopathy 5  615959				25087613		False	4	0;0;0	1.1	False		ENSG00000072195	ENSG00000072195	HGNC:16901													
SPG11	gene	SPG11	Expert Review Green	Neuromuscular disorders			BIALLELIC, autosomal or pseudoautosomal	Amyotrophic lateral sclerosis 5, juvenile   602099				20110243		False	4	0;0;0	1.1	False		ENSG00000104133	ENSG00000104133	HGNC:11226													
SQSTM1	gene	SQSTM1	Expert Review Green	Neuromuscular disorders			MONOALLELIC, autosomal or pseudoautosomal, NOT imprinted	Dystal Myopathy with rimmed vacuoles, 617158				26208961		False	4	0;0;0	1.1	False		ENSG00000161011	ENSG00000161011	HGNC:11280													
STAC3	gene	STAC3	Expert Review Green	Neuromuscular disorders			BIALLELIC, autosomal or pseudoautosomal	Myopathy, congenital, Baily-Bloch, 255995				23736855;28003463		False	4	0;0;0	1.1	False		ENSG00000185482	ENSG00000185482	HGNC:28423													
STIM1	gene	STIM1	Expert Review Green	Neuromuscular disorders			MONOALLELIC, autosomal or pseudoautosomal, imprinted status unknown	Myopathy, tubular aggregate, 160565				23332920		False	4	0;0;0	1.1	False		ENSG00000167323	ENSG00000167323	HGNC:11386													
SUCLA2	gene	SUCLA2	Expert Review Green	Neuromuscular disorders			BIALLELIC, autosomal or pseudoautosomal	Mitochondrial DNA depletion syndrome 5 (encephalomyopathic with or without methylmalonic aciduria), 612073				25929793		False	4	0;0;0	1.1	False		ENSG00000136143	ENSG00000136143	HGNC:11448													
SYNE1	gene	SYNE1	Expert Review Green	Neuromuscular disorders			BOTH monoallelic and biallelic, autosomal or pseudoautosomal	Emery-Dreifuss muscular dystrophy 4, autosomal dominant, 612998;Spinocerebellar ataxia, autosomal recessive 8, 610743				27782104;19542096		False	4	0;0;0	1.1	False		ENSG00000131018	ENSG00000131018	HGNC:17089													
TCAP	gene	TCAP	Expert Review Green	Neuromuscular disorders			BIALLELIC, autosomal or pseudoautosomal	Muscular dystrophy, limb-girdle, type 2G, 601954;Congenital muscular dystrophies;Limb-girdle muscular dystrophy;Limb-Girdle Muscular Dystrophy, Recessive				21530252;23479141		False	4	0;0;0	1.1	False		ENSG00000173991	ENSG00000173991	HGNC:11610													
TIA1	gene	TIA1	Expert Review Green	Neuromuscular disorders			BOTH monoallelic and biallelic (but BIALLELIC mutations cause a more SEVERE disease form), autosomal or pseudoautosomal	Welander distal myopathy, 604454				23401021		False	4	0;0;0	1.1	False		ENSG00000116001	ENSG00000116001	HGNC:11802													
TK2	gene	TK2	Expert Review Green	Neuromuscular disorders			BIALLELIC, autosomal or pseudoautosomal	Mitochondrial DNA depletion syndrome 2 (myopathic type), 609560				25929793		False	4	0;0;0	1.1	False		ENSG00000166548	ENSG00000166548	HGNC:11831													
TMEM5	gene	TMEM5	Expert Review Green	Neuromuscular disorders			BIALLELIC, autosomal or pseudoautosomal	Muscular dystrophy-dystroglycanopathy (congenital with brain and eye anomalies), type 10, 615041						False	4	0;0;0	1.1	False		ENSG00000118600	ENSG00000118600	HGNC:13530													
TNNT1	gene	TNNT1	Expert Review Green	Neuromuscular disorders			BIALLELIC, autosomal or pseudoautosomal	Nemaline myopathy 5, Amish type, 605355;Nemaline Myopathy, Recessive				25430424;26296490		False	4	0;0;0	1.1	False		ENSG00000105048	ENSG00000105048	HGNC:11948													
TPM2	gene	TPM2	Expert Review Green	Neuromuscular disorders			MONOALLELIC, autosomal or pseudoautosomal, imprinted status unknown	Nemaline myopathy 4, autosomal dominant 609285;CAP myopathy 2 609285						False	4	0;0;0	1.1	False		ENSG00000198467	ENSG00000198467	HGNC:12011													
TPM3	gene	TPM3	Expert Review Green	Neuromuscular disorders			BOTH monoallelic and biallelic, autosomal or pseudoautosomal	Myopathy, congenital, with fiber-type disproportion 255310;CAP myopathy 1 609284;Nemaline myopathy 1, autosomal dominant or recessive 609284				24692096		False	4	0;0;0	1.1	False		ENSG00000143549	ENSG00000143549	HGNC:12012													
TRAPPC11	gene	TRAPPC11	Expert Review Green	Neuromuscular disorders			BIALLELIC, autosomal or pseudoautosomal	Muscular dystrophy, limb-girdle, type 2S, 615356;congenital muscular dystrophy (CMD), progressive fatty liver and infantile-onset cataract;infantile-onset muscle weakness				26322222		False	4	0;0;0	1.1	False		ENSG00000168538	ENSG00000168538	HGNC:25751													
TRIM32	gene	TRIM32	Expert Review Green	Neuromuscular disorders			BIALLELIC, autosomal or pseudoautosomal	Muscular dystrophy, limb-girdle, type 2H, 254110;Limb-girdle muscular dystrophy;Limb-Girdle Muscular Dystrophy, Recessive				http://www.ncbi.nlm.nih.gov/books/NBK1408/		False	4	0;0;0	1.1	False		ENSG00000119401	ENSG00000119401	HGNC:16380													
TRIP4	gene	TRIP4	Expert Review Green	Neuromuscular disorders			BIALLELIC, autosomal or pseudoautosomal	Spinal muscular atrophy with congenital bone fractures 1   616866				26924529		False	4	0;0;0	1.1	False		ENSG00000103671	ENSG00000103671	HGNC:12310													
TRPV4	gene	TRPV4	Expert Review Green	Neuromuscular disorders			MONOALLELIC, autosomal or pseudoautosomal, imprinted status unknown	Distal Congenital Nonprogressive Spinal Muscular Atrophy;Brachyolmia type 3, 113500				20037588, 20037586, 20037587		False	4	0;0;0	1.1	False		ENSG00000111199	ENSG00000111199	HGNC:18083													
TSEN54	gene	TSEN54	Expert Review Green	Neuromuscular disorders			BIALLELIC, autosomal or pseudoautosomal	Pontocerebellar hypoplasia type 5, 610204				18711368;25929793		False	4	0;0;0	1.1	False		ENSG00000182173	ENSG00000182173	HGNC:27561													
TSFM	gene	TSFM	Expert Review Green	Neuromuscular disorders			BIALLELIC, autosomal or pseudoautosomal	Combined oxidative phosphorylation deficiency 3 610505						False	4	0;0;0	1.1	False		ENSG00000123297	ENSG00000123297	HGNC:12367													
TTN	gene	TTN	Expert Review Green	Neuromuscular disorders			BOTH monoallelic and biallelic, autosomal or pseudoautosomal	Myopathy, early-onset, with fatal cardiomyopathy 611705;Muscular dystrophy, limb-girdle, type 2J;Tibial muscular dystrophy, tardive, 600334				12145747;26392295		False	4	0;0;0	1.1	False		ENSG00000155657	ENSG00000155657	HGNC:12403													
TYMP	gene	TYMP	Expert Review Green	Neuromuscular disorders			BIALLELIC, autosomal or pseudoautosomal	Mitochondrial DNA depletion syndrome 5 (encephalomyopathic with or without methylmalonic aciduria)				25929793		False	4	0;0;0	1.1	False		ENSG00000025708	ENSG00000025708	HGNC:3148													
UBA1	gene	UBA1	Expert Review Green	Neuromuscular disorders			X-LINKED: hemizygous mutation in males, monoallelic mutations in females may cause disease (may be less severe, later onset than males)	Spinal muscular atrophy, X-linked 2, infantile, 301830;Infantile Spinal Muscular Atrophy, X-Linked				PMID: 23518311		False	4	0;0;0	1.1	False		ENSG00000130985	ENSG00000130985	HGNC:12469													
VCP	gene	VCP	Expert Review Green	Neuromuscular disorders			MONOALLELIC, autosomal or pseudoautosomal, NOT imprinted	Inclusion body myopathy with early-onset Paget disease and frontotemporal dementia 1, 167320;Amyotrophic lateral sclerosis 14, with or without frontotemporal dementia 613954;Charcot-Marie-Tooth disease, type 2Y 616687;Inclusion body myopathy with early-onset Paget disease and frontotemporal dementia 1 167320;Inclusion body myopathy with early-onset Paget disease and frontotemporal dementia 1				21684747		False	4	0;0;0	1.1	False		ENSG00000165280	ENSG00000165280	HGNC:12666													
VMA21	gene	VMA21	Expert Review Green	Neuromuscular disorders			X-LINKED: hemizygous mutation in males, biallelic mutations in females	Vacuolar myopathy;Myopathy, X-linked, with excessive autophagy, 310440				23315026		False	4	0;0;0	1.1	False		ENSG00000160131	ENSG00000160131	HGNC:22082													
VRK1	gene	VRK1	Expert Review Green	Neuromuscular disorders			BIALLELIC, autosomal or pseudoautosomal	Pontocerebellar hypoplasia type 1A   607596				19646678, 27281532		False	4	0;0;0	1.1	False		ENSG00000100749	ENSG00000100749	HGNC:12718													
DYSF	gene	DYSF	Expert Review Green	Neuromuscular disorders			BIALLELIC, autosomal or pseudoautosomal	Miyoshi muscular dystrophy 1, 254130;Limb-girdle muscular dystrophy;Miyoshi muscular dystrophy 1 254130;Muscular dystrophy, limb-girdle, type 2B, 253601;Miyoshi muscular dystrophy 1;Muscular dystrophy, limb-girdle, type 2B 253601;Myopathy, distal, with anterior tibial onset, 606768;Muscular dystrophy, limb-girdle, type 2B, 253601Myopathy, distal, with anterior tibial onset, 606768Miyoshi muscular dystrophy 1, 254130;Myopathy, distal, with anterior tibial onset 606768;Limb-Girdle Muscular Dystrophy, Recessive				25821721;25929793;20301480;http://www.ncbi.nlm.nih.gov/books/NBK1408/		False	3	0;0;0	1.1	False		ENSG00000135636	ENSG00000135636	HGNC:3097													
ISPD	gene	ISPD	Expert Review Green	Neuromuscular disorders			BIALLELIC, autosomal or pseudoautosomal	Muscular dystrophy-dystroglycanopathy (congenital with brain and eye anomalies), type A, 7, 614643;Muscular dystrophy-dystroglycanopathy (limb-girdle), type C, 7, 616052;Congenital Muscular Dystrophy, alpha-dystroglycan related;Walker-Warburg syndrome (WWS)				23390185		False	3	0;0;0	1.1	False		ENSG00000214960	ENSG00000214960	HGNC:37276													
RBCK1	gene	RBCK1	Expert Review Green	Neuromuscular disorders			BIALLELIC, autosomal or pseudoautosomal	Polyglucosan body myopathy 1 with or without immunodeficiency;Polyglucosan body myopathy, early-onset, with or without immunodeficiency, 615895				23104095;23889995;23798481;25041762		False	3	0;0;0	1.1	False		ENSG00000125826	ENSG00000125826	HGNC:15864													
ALG2	gene	ALG2	Expert Review Amber	Neuromuscular disorders			BIALLELIC, autosomal or pseudoautosomal	Congenital disorder of glycosylation CDG type Ii, 607906;Congenital myasthenic syndromes;Myasthenic syndrome, congenital, 14, with tubular aggregates, 616228				23404334		False	2	0;0;0	1.1	False		ENSG00000119523	ENSG00000119523	HGNC:23159													
ALS2	gene	ALS2	Expert Review Amber	Neuromuscular disorders			BIALLELIC, autosomal or pseudoautosomal	juvenile amyotrophic lateral sclerosis-2, 205100				11586297;20018642		False	2	0;0;0	1.1	False		ENSG00000003393	ENSG00000003393	HGNC:443													
ATP7A	gene	ATP7A	Expert Review Amber	Neuromuscular disorders			X-LINKED: hemizygous mutation in males, biallelic mutations in females	Menkes disease, 309400;Occipital horn syndrome, 304150;Spinal muscular atrophy, distal, X-linked 3, 300489						False	2	0;0;0	1.1	False		ENSG00000165240	ENSG00000165240	HGNC:869													
CASQ1	gene	CASQ1	Expert Review Amber	Neuromuscular disorders			MONOALLELIC, autosomal or pseudoautosomal	Vacuolar myopathy with CASQ1 aggregates (VMCQA)				25116801		False	2	0;0;0	1.1	False		ENSG00000143318	ENSG00000143318	HGNC:1512													
CCDC78	gene	CCDC78	Expert Review Amber	Neuromuscular disorders			MONOALLELIC, autosomal or pseudoautosomal, imprinted status unknown	Myopathy, centronuclear, 4, 614807				22818856		False	2	0;0;0	1.1	False		ENSG00000162004	ENSG00000162004	HGNC:14153													
CNTN1	gene	CNTN1	Expert Review Amber	Neuromuscular disorders			BIALLELIC, autosomal or pseudoautosomal	?Myopathy, congenital, Compton-North, 612540				19026398		False	2	0;0;0	1.1	False		ENSG00000018236	ENSG00000018236	HGNC:2171													
COL4A1	gene	COL4A1	Expert Review Amber	Neuromuscular disorders			MONOALLELIC, autosomal or pseudoautosomal, NOT imprinted	walker warburg syndrome, muscle eye brain disease				22037604;28056338;21625620		False	2	0;0;0	1.1	False		ENSG00000187498	ENSG00000187498	HGNC:2202													
DPM1	gene	DPM1	Expert Review Amber	Neuromuscular disorders			BIALLELIC, autosomal or pseudoautosomal	congenital muscular dystrophies;Congenital disorder of glycosylation, type Ie						False	2	0;0;0	1.1	False		ENSG00000000419	ENSG00000000419	HGNC:3005													
DPM3	gene	DPM3	Expert Review Amber	Neuromuscular disorders			BIALLELIC, autosomal or pseudoautosomal	Congenital disorder of glycosylation, type Io;congenital muscular dystrophies				19576565		False	2	0;0;0	1.1	False		ENSG00000179085	ENSG00000179085	HGNC:3007													
EXOSC8	gene	EXOSC8	Expert Review Amber	Neuromuscular disorders			BIALLELIC, autosomal or pseudoautosomal	Pontocerebellar hypoplasia, type 1C   616081				24989451		False	2	0;0;0	1.1	False		ENSG00000120699	ENSG00000120699	HGNC:17035													
HACD1	gene	HACD1	Expert Review Amber	Neuromuscular disorders			BIALLELIC, autosomal or pseudoautosomal	congenital myopathy				23933735		False	2	0;0;0	1.1	False		ENSG00000165996	ENSG00000165996	HGNC:9639													
HNRNPDL	gene	HNRNPDL	Expert Review Amber	Neuromuscular disorders			MONOALLELIC, autosomal or pseudoautosomal, imprinted status unknown	Muscular dystrophy, limb-girdle, type 1G 609115				24647604		False	2	0;0;0	1.1	False		ENSG00000152795	ENSG00000152795	HGNC:5037													
KY	gene	KY	Expert Review Amber	Neuromuscular disorders			BIALLELIC, autosomal or pseudoautosomal	congenital myopathy				27484770		False	2	0;0;0	1.1	False		ENSG00000174611	ENSG00000174611	HGNC:26576													
MTMR14	gene	MTMR14	Expert Review Amber	Neuromuscular disorders			MONOALLELIC, autosomal or pseudoautosomal, imprinted status unknown	centronuclear myopathy				19465920		False	2	0;0;0	1.1	False		ENSG00000163719	ENSG00000163719	HGNC:26190													
MYBPC3	gene	MYBPC3	Expert Review Amber	Neuromuscular disorders			BIALLELIC, autosomal or pseudoautosomal	myopathy and cardiomyopathy				19858127		False	2	0;0;0	1.1	False		ENSG00000134571	ENSG00000134571	HGNC:7551													
MYL1	gene	MYL1	Expert Review Amber	Neuromuscular disorders			BIALLELIC, autosomal or pseudoautosomal	congenital myopathy				21063730		False	2	0;0;0	1.1	False		ENSG00000168530	ENSG00000168530	HGNC:7582													
MYO9A	gene	MYO9A	Expert Review Amber	Neuromuscular disorders			BIALLELIC, autosomal or pseudoautosomal	congenital myasthenic syndrome;CMS				27259756		False	2	0;0;0	1.1	False		ENSG00000066933	ENSG00000066933	HGNC:7608													
MYPN	gene	MYPN	Expert Review Amber	Neuromuscular disorders			BIALLELIC, autosomal or pseudoautosomal	Congenital cap myopathy				28220527		False	2	0;0;0	1.1	False		ENSG00000138347	ENSG00000138347	HGNC:23246													
NEFL	gene	NEFL	Expert Review Amber	Neuromuscular disorders			MONOALLELIC, autosomal or pseudoautosomal	Nemaline Myopathy				25264603		False	2	0;0;0	1.1	False		ENSG00000104725	ENSG00000277586	HGNC:7739													
REEP1	gene	REEP1	Expert Review Amber	Neuromuscular disorders			MONOALLELIC, autosomal or pseudoautosomal, NOT imprinted	?Neuronopathy, distal hereditary motor, type VB   614751				18321925;22703882		False	2	0;0;0	1.1	False		ENSG00000068615	ENSG00000068615	HGNC:25786													
SETX	gene	SETX	Expert Review Amber	Neuromuscular disorders			MONOALLELIC, autosomal or pseudoautosomal, NOT imprinted	Amyotrophic lateral sclerosis 4, juvenile   602433				15106121		False	2	0;0;0	1.1	False		ENSG00000107290	ENSG00000107290	HGNC:445													
VAMP1	gene	VAMP1	Expert Review Amber	Neuromuscular disorders			BIALLELIC, autosomal or pseudoautosomal	presynaptic CMS;Congenital myasthenic syndrome				28253535		False	2	0;0;0	1.1	False		ENSG00000139190	ENSG00000139190	HGNC:12642													
VAPB	gene	VAPB	Expert Review Amber	Neuromuscular disorders			MONOALLELIC, autosomal or pseudoautosomal, imprinted status unknown	Amyotrophic lateral sclerosis 8 608627;Spinal muscular atrophy, late-onset, Finkel type 182980				15372378		False	2	0;0;0	1.1	False		ENSG00000124164	ENSG00000124164	HGNC:12649													
VPS33B	gene	VPS33B	Expert Review Amber	Neuromuscular disorders			Unknown	vacuolar myopathy?						False	2	0;0;0	1.1	False		ENSG00000184056	ENSG00000184056	HGNC:12712													
AARS	gene	AARS	Expert Review Red	Neuromuscular disorders			Unknown							False	1	0;0;0	1.1	False		ENSG00000090861	ENSG00000090861	HGNC:20													
ALG14	gene	ALG14	Expert Review Red	Neuromuscular disorders			BIALLELIC, autosomal or pseudoautosomal	?Myasthenic syndrome, congenital, 15, without tubular aggregates, 616227;Congenital myasthenic syndrome				PMID:     23404334		False	1	0;0;0	1.1	False		ENSG00000172339	ENSG00000172339	HGNC:28287													
AMPD1	gene	AMPD1	Expert Review Red	Neuromuscular disorders			BIALLELIC, autosomal or pseudoautosomal	Rhabdomyolysis				15803807;23543093;25929793;19258857		False	1	0;0;0	1.1	False		ENSG00000116748	ENSG00000116748	HGNC:468													
ATP2A1	gene	ATP2A1	Expert Review Red	Neuromuscular disorders			BIALLELIC, autosomal or pseudoautosomal	Brody myopathy, 601003;Brody Myopathy						False	1	0;0;0	1.1	False		ENSG00000196296	ENSG00000196296	HGNC:811													
BSCL2	gene	BSCL2	Expert Review Red	Neuromuscular disorders			Unknown					14981520		False	1	0;0;0	1.1	False		ENSG00000168000	ENSG00000168000	HGNC:15832													
BVES	gene	BVES	Expert Review Red	Neuromuscular disorders			BIALLELIC, autosomal or pseudoautosomal	Muscular dystrophy, limb-girdle, type 2X				26642364		False	1	0;0;0	1.1	False		ENSG00000112276	ENSG00000112276	HGNC:1152													
COL4A2	gene	COL4A2	Expert Review Red	Neuromuscular disorders			Unknown					22037604 - Drosophilia model seems to implicate COL4A1 and not COL4A2 in myopathy		False	1	0;0;0	1.1	False		ENSG00000134871	ENSG00000134871	HGNC:2203													
COL9A3	gene	COL9A3	Expert Review Red	Neuromuscular disorders			MONOALLELIC, autosomal or pseudoautosomal, imprinted status unknown	Epiphyseal dysplasia, multiple, 3, with or without myopathy 600969				10655510;10678658		False	1	0;0;0	1.1	False		ENSG00000092758	ENSG00000092758	HGNC:2219													
CPT1B	gene	CPT1B	Expert Review Red	Neuromuscular disorders			Unknown							False	1	0;0;0	1.1	False		ENSG00000205560	ENSG00000205560	HGNC:2329													
CYP2C8	gene	CYP2C8	Expert Review Red	Neuromuscular disorders			Unknown	Rhabdomyolysis, cerivastatin-induced				15365880;20739906		False	1	0;0;0	1.1	False		ENSG00000138115	ENSG00000138115	HGNC:2622													
DCTN1	gene	DCTN1	Expert Review Red	Neuromuscular disorders			Unknown							False	1	0;0;0	1.1	False		ENSG00000204843	ENSG00000204843	HGNC:2711													
DMPK	gene	DMPK	Expert Review Red	Neuromuscular disorders			MONOALLELIC, autosomal or pseudoautosomal, NOT imprinted	MYOTONIC DYSTROPHY 1 (DM1);Myotonic dystrophy 1  160900;spinal muscular atrophy, myotonic dystrophy (type 1), Prader-Willi syndrome, Angelman syndrome, and maternal UPD 14.						False	1	0;0;0	1.1	False	Loss-of-function variants (as defined in pop up message) DO NOT cause this phenotype - please provide details in the comments	ENSG00000104936	ENSG00000104936	HGNC:2933													
DNAJB2	gene	DNAJB2	Expert Review Red	Neuromuscular disorders			BIALLELIC, autosomal or pseudoautosomal	Spinal muscular atrophy, distal, autosomal recessive, 5, 614881				22522442		False	1	0;0;0	1.1	False		ENSG00000135924	ENSG00000135924	HGNC:5228													
DUX4	gene	DUX4	Expert Review Red	Neuromuscular disorders			MONOALLELIC, autosomal or pseudoautosomal, NOT imprinted	FACIOSCAPULOHUMERAL MUSCULAR DYSTROPHY 1 (FSHD1A);Facioscapulohumeral muscular dystrophy, 158900;Facioscapulohumeral Muscular Dystrophy 1A				27922500;27841748;27672539;28040729;27816329		False	1	0;0;0	1.1	False	Other - please provide details in the comments	ENSG00000258389	ENSG00000260596	HGNC:50800													
ECEL1	gene	ECEL1	Expert Review Red	Neuromuscular disorders			BIALLELIC, autosomal or pseudoautosomal	Arthrogryposis, distal, type 5D 615065						False	1	0;0;0	1.1	False		ENSG00000171551	ENSG00000171551	HGNC:3147													
FAM111B	gene	FAM111B	Expert Review Red	Neuromuscular disorders			MONOALLELIC, autosomal or pseudoautosomal, imprinted status unknown	Poikiloderma, hereditary fibrosing, with tendon contractures, myopathy, and pulmonaryfibrosis, 615704 (3)				24268661		False	1	0;0;0	1.1	False		ENSG00000189057	ENSG00000189057	HGNC:24200													
FBP2	gene	FBP2	Expert Review Red	Neuromuscular disorders			Unknown							False	1	0;0;0	1.1	False		ENSG00000130957	ENSG00000130957	HGNC:3607													
FBXO38	gene	FBXO38	Expert Review Red	Neuromuscular disorders			MONOALLELIC, autosomal or pseudoautosomal, NOT imprinted	Neuronopathy, distal hereditary motor, type IID   615575				24207122		False	1	0;0;0	1.1	False		ENSG00000145868	ENSG00000145868	HGNC:28844													
GARS	gene	GARS	Expert Review Red	Neuromuscular disorders			MONOALLELIC, autosomal or pseudoautosomal, imprinted status unknown	Distal Spinal Muscular Atrophy						False	1	0;0;0	1.1	False		ENSG00000106105	ENSG00000106105	HGNC:4162													
GFER	gene	GFER	Expert Review Red	Neuromuscular disorders			BIALLELIC, autosomal or pseudoautosomal	Myopathy, mitochondrial progressive, with congenital cataract, hearing loss, and developmental delay,613076				19409522		False	1	0;0;0	1.1	False		ENSG00000127554	ENSG00000127554	HGNC:4236													
HNRNPA1	gene	HNRNPA1	Expert Review Red	Neuromuscular disorders			MONOALLELIC, autosomal or pseudoautosomal, imprinted status unknown	?Inclusion body myopathy wtih early-onset Paget disease without frontotemporal						False	1	0;0;0	1.1	False		ENSG00000135486	ENSG00000135486	HGNC:5031													
HRAS	gene	HRAS	Expert Review Red	Neuromuscular disorders			MONOALLELIC, autosomal or pseudoautosomal, imprinted status unknown	Costello syndrome 218040;Congenital myopathy with excess of muscle spindles 218040				17412879		False	1	0;0;0	1.1	False		ENSG00000174775	ENSG00000174775	HGNC:5173													
HSPB3	gene	HSPB3	Expert Review Red	Neuromuscular disorders			MONOALLELIC, autosomal or pseudoautosomal, NOT imprinted	?Neuronopathy, distal hereditary motor, type IIC   613376				20142617		False	1	0;0;0	1.1	False		ENSG00000169271	ENSG00000169271	HGNC:5248													
KLHL9	gene	KLHL9	Expert Review Red	Neuromuscular disorders			MONOALLELIC, autosomal or pseudoautosomal, NOT imprinted	distal myopathy (no OMIM number)				20554658		False	1	0;0;0	1.1	False		ENSG00000198642	ENSG00000198642	HGNC:18732													
LAMB2	gene	LAMB2	Expert Review Red	Neuromuscular disorders			BIALLELIC, autosomal or pseudoautosomal	congenital myasthenic syndrome (CMS) associated with congenital nephrosis and ocular malformations;synaptic congenital myasthenic syndrome;Congenital myasthenic syndrome				27472506 (Review);19251977		False	1	0;0;0	1.1	False		ENSG00000172037	ENSG00000172037	HGNC:6487													
LIMS2	gene	LIMS2	Expert Review Red	Neuromuscular disorders			BIALLELIC, autosomal or pseudoautosomal	Muscular dystrophy, limb-girdle, type 2W				25589244		False	1	0;0;0	1.1	False		ENSG00000072163	ENSG00000072163	HGNC:16084													
MEG3	gene	MEG3	Expert Review Red	Neuromuscular disorders			Unknown							False	1	0;0;0	1.1	False		ENSG00000214548	ENSG00000214548	HGNC:14575													
MT-TL1	gene	MT-TL1	Expert Review Red	Neuromuscular disorders			MITOCHONDRIAL	MITOCHONDRIAL MYOPATHY, ENCEPHALOPATHY, LACTIC ACIDOSIS, AND STROKE-LIKE EPISODES;MELAS 540000						False	1	0;0;0	1.1	False		ENSG00000209082	ENSG00000209082	HGNC:7490													
MYBPC1	gene	MYBPC1	Expert Review Red	Neuromuscular disorders			BOTH monoallelic and biallelic, autosomal or pseudoautosomal	Lethal congenital contracture syndrome 4 614915;Arthrogryposis, distal, type 1B 614335				20045868		False	1	0;0;0	1.1	False		ENSG00000196091	ENSG00000196091	HGNC:7549													
MYF6	gene	MYF6	Expert Review Red	Neuromuscular disorders			MONOALLELIC, autosomal or pseudoautosomal, imprinted status unknown	Myopathy, centronuclear, 3, 614408;Centronuclear Myopathy, Dominant				11053684		False	1	0;0;0	1.1	False		ENSG00000111046	ENSG00000111046	HGNC:7566													
MYH14	gene	MYH14	Expert Review Red	Neuromuscular disorders			MONOALLELIC, autosomal or pseudoautosomal, imprinted status unknown	?Peripheral neuropathy, myopathy, hoarseness, and hearing loss 614369;Deafness, autosomal dominant 4A 600652				27875632;21480433		False	1	0;0;0	1.1	False		ENSG00000105357	ENSG00000105357	HGNC:23212													
OBSCN	gene	OBSCN	Expert Review Red	Neuromuscular disorders			Unknown					18477606		False	1	0;0;0	1.1	False		ENSG00000154358	ENSG00000154358	HGNC:15719													
PABPN1	gene	PABPN1	Expert Review Red	Neuromuscular disorders			BOTH monoallelic and biallelic, autosomal or pseudoautosomal	Oculopharyngeal muscular dystrophy;Oculopharyngeal muscular dystrophy, 164300						False	1	0;0;0	1.1	False		ENSG00000100836	ENSG00000100836	HGNC:8565													
PHKG1	gene	PHKG1	Expert Review Red	Neuromuscular disorders			Unknown							False	1	0;0;0	1.1	False		ENSG00000164776	ENSG00000164776	HGNC:8930													
PIEZO2	gene	PIEZO2	Expert Review Red	Neuromuscular disorders			BOTH monoallelic and biallelic, autosomal or pseudoautosomal	Arthrogryposis						False	1	0;0;0	1.1	False		ENSG00000154864	ENSG00000154864	HGNC:26270													
PLEKHG5	gene	PLEKHG5	Expert Review Red	Neuromuscular disorders			BIALLELIC, autosomal or pseudoautosomal	Spinal muscular atrophy, distal, autosomal recessive, 4, 611067;Distal Spinal Muscular Atrophy				17564964		False	1	0;0;0	1.1	False		ENSG00000171680	ENSG00000171680	HGNC:29105													
PNPLA2	gene	PNPLA2	Expert Review Red	Neuromuscular disorders			BIALLELIC, autosomal or pseudoautosomal	Neutral Lipid Storage Disease with Myopathy;Neutral lipid storage disease with myopathy, 610717				21544567		False	1	0;0;0	1.1	False		ENSG00000177666	ENSG00000177666	HGNC:30802													
PREPL	gene	PREPL	Expert Review Red	Neuromuscular disorders			BIALLELIC, autosomal or pseudoautosomal	congenital myasthenic syndrome with pre- and postsynaptic features and growth hormone deficiency;?Myasthenic syndrome, congenital, 22, 616224;myasthenic syndrome				27472506 (Review);24610330		False	1	0;0;0	1.1	False		ENSG00000138078	ENSG00000138078	HGNC:30228													
PUS1	gene	PUS1	Expert Review Red	Neuromuscular disorders			BIALLELIC, autosomal or pseudoautosomal	Mitochondrial myopathy and sideroblastic anemia 1, 600462;Myopathy, Lactic Acidosis, and Sideroblastic Anemia				26556812;21686963;25227147		False	1	0;0;0	1.1	False		ENSG00000177192	ENSG00000177192	HGNC:15508													
SIGMAR1	gene	SIGMAR1	Expert Review Red	Neuromuscular disorders			BIALLELIC, autosomal or pseudoautosomal	?Amyotrophic lateral sclerosis 16, juvenile   614373				21842496		False	1	0;0;0	1.1	False		ENSG00000147955	ENSG00000147955	HGNC:8157													
SLC22A12	gene	SLC22A12	Expert Review Red	Neuromuscular disorders			BIALLELIC, autosomal or pseudoautosomal	Hypouricemia, renal						False	1	0;0;0	1.1	False		ENSG00000197891	ENSG00000197891	HGNC:17989													
SLC25A42	gene	SLC25A42	Expert Review Red	Neuromuscular disorders			BIALLELIC, autosomal or pseudoautosomal	muscle weakness, lactic acidosis, and muscle changes suggestive of mitochondrial dysfunction				26541337		False	1	0;0;0	1.1	False		ENSG00000181035	ENSG00000181035	HGNC:28380													
SLC2A9	gene	SLC2A9	Expert Review Red	Neuromuscular disorders			BOTH monoallelic and biallelic, autosomal or pseudoautosomal	Hypouricemia, renal, 2						False	1	0;0;0	1.1	False		ENSG00000109667	ENSG00000109667	HGNC:13446													
SLC52A1	gene	SLC52A1	Expert Review Red	Neuromuscular disorders			BIALLELIC, autosomal or pseudoautosomal							False	1	0;0;0	1.1	False		ENSG00000132517	ENSG00000132517	HGNC:30225													
SMCHD1	gene	SMCHD1	Expert Review Red	Neuromuscular disorders			Other - please specifiy in evaluation comments	Fascioscapulohumeral muscular dystrophy 2, digenic, 158901;Fascioscapulohumeral muscular dystrophy 2, digenic						False	1	0;0;0	1.1	False		ENSG00000101596	ENSG00000101596	HGNC:29090													
SNAP25	gene	SNAP25	Expert Review Red	Neuromuscular disorders			MONOALLELIC, autosomal or pseudoautosomal, NOT imprinted	?Myasthenic syndrome, congenital, 18,  616330				25381298;27472506 (Review)		False	1	0;0;0	1.1	False		ENSG00000132639	ENSG00000132639	HGNC:11132													
SNRPN	gene	SNRPN	Expert Review Red	Neuromuscular disorders			Other - please specifiy in evaluation comments	Prader-Willi syndrome				10802660;8723064		False	1	0;0;0	1.1	False		ENSG00000128739	ENSG00000128739	HGNC:11164													
SPTBN4	gene	SPTBN4	Expert Review Red	Neuromuscular disorders			BIALLELIC, autosomal or pseudoautosomal	?Myopathy, congenital, with neuropathy and deafness, 617519				28540413		False	1	0;0;0	1.1	False		ENSG00000160460	ENSG00000160460	HGNC:14896													
STIM2	gene	STIM2	Expert Review Red	Neuromuscular disorders			Unknown							False	1	0;0;0	1.1	False		ENSG00000109689	ENSG00000109689	HGNC:19205													
SYNE2	gene	SYNE2	Expert Review Red	Neuromuscular disorders			MONOALLELIC, autosomal or pseudoautosomal, NOT imprinted	Emery-Dreifuss Muscular Dystrophy;Emery-Dreifuss muscular dystrophy 5, autosomal dominant;Emery-Dreifuss muscular dystrophy 5, autosomal dominant, 612999				17761684		False	1	0;0;0	1.1	False		ENSG00000054654	ENSG00000054654	HGNC:17084													
SYT2	gene	SYT2	Expert Review Red	Neuromuscular disorders			MONOALLELIC, autosomal or pseudoautosomal, NOT imprinted	Myasthenic syndrome, congenital, 7, presynaptic, 616040				27472506 (Review);25192047;26519543		False	1	0;0;0	1.1	False		ENSG00000143858	ENSG00000143858	HGNC:11510													
TMEM43	gene	TMEM43	Expert Review Red	Neuromuscular disorders			MONOALLELIC, autosomal or pseudoautosomal, imprinted status unknown	Emery-Dreifuss muscular dystrophy 7, AD 614302						False	1	0;0;0	1.1	False		ENSG00000170876	ENSG00000170876	HGNC:28472													
TNNI2	gene	TNNI2	Expert Review Red	Neuromuscular disorders			MONOALLELIC, autosomal or pseudoautosomal, imprinted status unknown	Arthrogryposis multiplex congenita, distal, type 2B 601680				16924011		False	1	0;0;0	1.1	False		ENSG00000130598	ENSG00000130598	HGNC:11946													
TNNT3	gene	TNNT3	Expert Review Red	Neuromuscular disorders			MONOALLELIC, autosomal or pseudoautosomal, imprinted status unknown	Arthyrogryposis, distal, type 2B 601680						False	1	0;0;0	1.1	False		ENSG00000130595	ENSG00000130595	HGNC:11950													
UBQLN1	gene	UBQLN1	Expert Review Red	Neuromuscular disorders			MONOALLELIC, autosomal or pseudoautosomal, NOT imprinted	Brown-Vialetto-Van Laere syndrome/ atypical motor neurone disease				PMID: 22766032		False	1	0;0;0	1.1	False		ENSG00000135018	ENSG00000135018	HGNC:12508													
YARS2	gene	YARS2	Expert Review Red	Neuromuscular disorders			BIALLELIC, autosomal or pseudoautosomal	Hereditary Sideroblastic Anemia with Myopathy and LacticAcidosis;Myopathy, lactic acidosis, and sideroblastic anemia 2, 613561				24344687		False	1	0;0;0	1.1	False		ENSG00000139131	ENSG00000139131	HGNC:24249													
AR_CAG	str	AR	Expert Review Green;Expert list	Neuromuscular disorders			X-LINKED: hemizygous mutation in males, monoallelic mutations in females may cause disease (may be less severe, later onset than males)	Spinal and bulbar muscular atrophy or Kennedy diseases 313200						False	3	100;0;0	1.1	False		ENSG00000169083	ENSG00000169083	HGNC:644	X	66765160	66765225	67545316	67545383	CAG	34	38					
DMPK_CTG	str	DMPK	Expert Review Green;Expert list	Neuromuscular disorders			MONOALLELIC, autosomal or pseudoautosomal, NOT imprinted	Myotonic dystrophy 1 160900						False	3	100;0;0	1.1	False		ENSG00000104936	ENSG00000104936	HGNC:2933	19	46273463	46273522	45770205	45770264	CTG	38	50					
ISCA-37404-Loss	region		Expert Review Green	Neuromuscular disorders			MONOALLELIC, autosomal or pseudoautosomal, imprinted status unknown	microcephaly;Developmental delay, muscle weakness;176270;105833;Angelman syndrome;Prader-Willi syndrome;Mental retardation				7611294;22045295		False	4	0;0;0	1.1	False					15			22782170	28134729				3		80	cnv_loss	15q11q13 recurrent (PWS/AS) region (BP1-BP3, Class 1) Loss
ISCA-37408-Loss	region		Expert Review Green	Neuromuscular disorders			MONOALLELIC, autosomal or pseudoautosomal, imprinted status unknown	PMID: 22579565 severe developmental delay, congenital microcephaly, intractable epilepsy, and renal anomalies, as well as a congenital choledochal cyst which has not been previously reported in other patients with this cytogenetic defect;612513;PMID: 16963482 idiopathic intellectual disability including moderate to severe intellectual disability, autism/autistic features, microcephaly, structural brain anomalies including cortical dysplasia/pachygyria, renal anomalies (multicystic kidney, hydronephrosis), digital camptodactyly, visual impairment, strabismus, neuromotor deficits, communication and attention impairments, and a distinctive pattern of craniofacial features. Dysmorphic craniofacial features include progressive microcephaly, flat occiput, widened inner canthal distance, small palpebral fissures, ptosis, long and straight eyelashes, broad and high nasal root extending to a widened, prominent nasal tip with elongated, smooth philtrum, rounding of the upper vermillion border and everted lower lips. PMID: 18245392 A 32-year-old, mentally retarded male was referred to our centre for further clinical genetic analysis. He was born to non-consanguineous parents after 42 weeks gestation with a birth weight of 3500 g. He had a healthy older brother. In the neonatal period he was hypotonic and at 8 weeks of age he underwent surgery because of an inguinal hernia with removal of an atrophic right testis. His motor development was severely delayed with sitting at 3.5 years and walking at 5 years of age. Speech was poorly developed, characterised by the usage of only a few words. During infancy an optic nerve hypoplasia was diagnosed, and during childhood he frequently suffered from luxations of the patellae, which required surgery. At the age of 32 years his height is 163 cm (_3 SDS) and head circumference 52.5 cm (_2.5 SDS). He has a narrow receding forehead, widened inner canthal distance of 3.5 cm (90th centile), normal outer canthal distance of 8.5 cm (25th centile), telecanthus, short and down slanting palpebral fissures, epicanthal folds, ptosis, long, straight eyelashes, high nasal bridge, low set large ears, flat philtrum, small mouth with high, narrow palate and retrognathia. The thorax is broad with increased internipple distance and slight gynaecomastia. A recent renal ultrasound revealed multiple cysts in the left, dystrophic kidney and two uncomplicated cysts in the enlarged, right kidney. The patient has a normally sized phallus with absent right testis and small left testis. His hands show a simian crease right and tapering fingers with broad proximal interphalangeal joints. He shows sandal gaps on both flat feet with clinodactyly of the fourth and fifth toes (and more)				18245392;22579565;16963482		False	4	0;0;0	1.1	False					2			58912065	62261736				3		80	cnv_loss	2p15p16.1 region (includes BCL11A) Loss
ISCA-37420-Loss	region		Expert Review Green	Neuromuscular disorders			MONOALLELIC, autosomal or pseudoautosomal, imprinted status unknown	PMID: 25217958;PMID: 18628315 developmental delay, hypotonia, facial dysmorphisms including a long face, a tubular or pear-shaped nose and a bulbous nasal tip, and a friendly/amiable behaviour, other clinically important features include epilepsy, heart defects and kidney/urologic anomalies;610443;Koolen-De Vries syndrome 610443				18628315;25217958		False	4	0;0;0	1.1	False					17			45608879	46087510				3		80	cnv_loss	17q21.3 recurrent region (includes KANSL1) Loss
ISCA-37429-Loss	region		Expert Review Green	Neuromuscular disorders			MONOALLELIC, autosomal or pseudoautosomal, imprinted status unknown	194190;Wolf-Hirschhorn syndrome				14630905;20026556		False	4	0;0;0	1.1	False					4			337779	2009235				3		80	cnv_loss	4p16.3 terminal (Wolf-Hirshhorn syndrome) region Loss
ISCA-37478-Loss	region		Expert Review Green	Neuromuscular disorders			MONOALLELIC, autosomal or pseudoautosomal, imprinted status unknown	microcephaly;Developmental delay, muscle weakness;176270;Angelman syndrome;Prader-Willi syndrome;105830;Mental retardation				7611294;22045295		False	4	0;0;0	1.1	False					15			23513243	28312040				3		80	cnv_loss	15q11q13 recurrent (PWS/AS) region (BP2-BP3, Class 2) Loss
