Entity Name	Entity type	Gene Symbol	Sources(; separated)	Level4	Level3	Level2	Model_Of_Inheritance	Phenotypes	Omim	Orphanet	HPO	Publications	Description	Flagged	GEL_Status	UserRatings_Green_amber_red	version	ready	Mode of pathogenicity	EnsemblId(GRch37)	EnsemblId(GRch38)	HGNC	Position Chromosome	Position GRCh37 Start	Position GRCh37 End	Position GRCh38 Start	Position GRCh38 End	STR Repeated Sequence	STR Normal Repeats	STR Pathogenic Repeats	Region Haploinsufficiency Score	Region Triplosensitivity Score	Region Required Overlap Percentage	Region Variant Type	Region Verbose Name
PRKN	gene	PRKN	Eligibility statement prior genetic testing;Expert;Expert Review Green;Illumina TruGenome Clinical Sequencing Services;UKGTN	Parkinson Disease and Complex Parkinsonism	Neurodegenerative disorders	Neurology and neurodevelopmental disorders	BIALLELIC, autosomal or pseudoautosomal	Parkinson Disease, Juvenile;Parkinson Disease 2, Autosomal Recessive Juvenile				PMID: 22956510		False	4	100;0;0	1.64	False		ENSG00000185345	ENSG00000185345	HGNC:8607													
ATP13A2	gene	ATP13A2	Expert;Expert Review Green;Illumina TruGenome Clinical Sequencing Services;Radboud University Medical Center, Nijmegen	Parkinson Disease and Complex Parkinsonism	Neurodegenerative disorders	Neurology and neurodevelopmental disorders	BIALLELIC, autosomal or pseudoautosomal	Parkinson disease 9, 606693;Kufor-Rakeb Syndrome						False	3	100;0;0	1.64	False		ENSG00000159363	ENSG00000159363	HGNC:30213													
ATP1A3	gene	ATP1A3	Expert Review Green;Illumina TruGenome Clinical Sequencing Services	Parkinson Disease and Complex Parkinsonism	Neurodegenerative disorders	Neurology and neurodevelopmental disorders	MONOALLELIC, autosomal or pseudoautosomal, imprinted status unknown	Rapid-Onset Dystonia-Parkinsonism;Dystonia-12;rapid-onset dystonia-parkinsonism;alternating hemiplegia of childhood;CAPOS syndrome						False	3	100;0;0	1.64	False		ENSG00000105409	ENSG00000105409	HGNC:801													
C19orf12	gene	C19orf12	Expert Review Green;Expert list	Parkinson Disease and Complex Parkinsonism	Neurodegenerative disorders	Neurology and neurodevelopmental disorders	BIALLELIC, autosomal or pseudoautosomal	Dystonia;mitochondrial membrane protein-associated neurodegeneration;Neurodegeneration with brain iron accumulation 4						False	3	100;0;0	1.64	False		ENSG00000131943	ENSG00000131943	HGNC:25443													
CSF1R	gene	CSF1R	Expert;Expert Review Green	Parkinson Disease and Complex Parkinsonism	Neurodegenerative disorders	Neurology and neurodevelopmental disorders	MONOALLELIC, autosomal or pseudoautosomal, imprinted status unknown	diffuse leukoencephalopathy with spheroids;dementia, motor dysfunction (can include spasticity, ataxia, and parkinsonism) and epilepsy				23787135		False	3	100;0;0	1.64	False		ENSG00000182578	ENSG00000182578	HGNC:2433													
DCTN1	gene	DCTN1	Expert;Expert Review Green	Parkinson Disease and Complex Parkinsonism	Neurodegenerative disorders	Neurology and neurodevelopmental disorders	MONOALLELIC, autosomal or pseudoautosomal, imprinted status unknown	Perry syndrome				20945553 (Gene Reviews); 19136952;20437543; 19136952;24343258;27346608;27132499		False	3	100;0;0	1.64	False		ENSG00000204843	ENSG00000204843	HGNC:2711													
DNAJC6	gene	DNAJC6	Expert Review Green;Radboud University Medical Center, Nijmegen	Parkinson Disease and Complex Parkinsonism	Neurodegenerative disorders	Neurology and neurodevelopmental disorders	BIALLELIC, autosomal or pseudoautosomal	Parkinson disease 19, juvenile-onset, 615528;Parkinson disease 19a, juvenile-onset;Parkinson disease 19b, early-onset				26528954;27687717;26703368;22563501;23211418		False	3	100;0;0	1.64	False		ENSG00000116675	ENSG00000116675	HGNC:15469													
FBXO7	gene	FBXO7	Expert;Expert Review Green;Illumina TruGenome Clinical Sequencing Services;Radboud University Medical Center, Nijmegen	Parkinson Disease and Complex Parkinsonism	Neurodegenerative disorders	Neurology and neurodevelopmental disorders	BIALLELIC, autosomal or pseudoautosomal	Parkinson disease 15, autosomal recessive, 260300;Parkinson Disease, Recessive;Early Onset Complex Disease;parkinsonian-pyramidal syndrome						False	3	100;0;0	1.64	False		ENSG00000100225	ENSG00000100225	HGNC:13586													
FTL	gene	FTL	Expert;Expert Review Green	Parkinson Disease and Complex Parkinsonism	Neurodegenerative disorders	Neurology and neurodevelopmental disorders	MONOALLELIC, autosomal or pseudoautosomal, imprinted status unknown	Neurodegeneration with brain iron accumulation 3;movement disorder				24209436;http://www.ncbi.nlm.nih.gov/pubmed/24209436		False	3	100;0;0	1.64	False		ENSG00000087086	ENSG00000087086	HGNC:3999													
GBA	gene	GBA	Expert Review Green;Radboud University Medical Center, Nijmegen	Parkinson Disease and Complex Parkinsonism	Neurodegenerative disorders	Neurology and neurodevelopmental disorders	BOTH monoallelic and biallelic, autosomal or pseudoautosomal	{Parkinson disease, late-onset, susceptibility to}, 168600				27779773;27632223;27648471;27717005;29400127		False	3	50;0;50	1.64	False		ENSG00000177628	ENSG00000177628	HGNC:4177													
GCH1	gene	GCH1	Expert Review Green;Expert list	Parkinson Disease and Complex Parkinsonism	Neurodegenerative disorders	Neurology and neurodevelopmental disorders	BOTH monoallelic and biallelic, autosomal or pseudoautosomal	Dystonia, DOPA-responsive, with or without hyperphenylalaninemia, 128230; Hyperphenylalaninemia, BH4-deficient, B, 233910; Dopa-Responsive Dystonia (DRD) ; Dopa-Responsive Dystonia (DRD)						False	3	100;0;0	1.64	False		ENSG00000131979	ENSG00000131979	HGNC:4193													
GRN	gene	GRN	Eligibility statement prior genetic testing;Expert;Expert Review Green	Parkinson Disease and Complex Parkinsonism	Neurodegenerative disorders	Neurology and neurodevelopmental disorders	MONOALLELIC, autosomal or pseudoautosomal, imprinted status unknown	clinical presentation suggestive of cortico-basal/PSP syndrome;frontotemporal lobar degeneration with TDP43 inclusions;Complex parkinsonism				20301545;17923627		False	3	100;0;0	1.64	False		ENSG00000030582	ENSG00000030582	HGNC:4601													
LRRK2	gene	LRRK2	Eligibility statement prior genetic testing;Expert;Expert Review Green;Illumina TruGenome Clinical Sequencing Services;Radboud University Medical Center, Nijmegen;UKGTN	Parkinson Disease and Complex Parkinsonism	Neurodegenerative disorders	Neurology and neurodevelopmental disorders	MONOALLELIC, autosomal or pseudoautosomal, imprinted status unknown	Parkinson disease 8, 607060;Parkinson Disease, Dominant;Parkinson Disease 8, Autosomal Dominant;PARKINSON DISEASE 8, AUTOSOMAL DOMINANT;LRRK2 G2019S mutation;Autosomal dominant Parkinson's disease				25391693;27090875;28395805;28395804;28395803;28395802		False	3	100;0;0	1.64	False	Loss-of-function variants (as defined in pop up message) DO NOT cause this phenotype - please provide details in the comments	ENSG00000188906	ENSG00000188906	HGNC:18618													
LYST	gene	LYST	Expert Review Green;Other	Parkinson Disease and Complex Parkinsonism	Neurodegenerative disorders	Neurology and neurodevelopmental disorders	BIALLELIC, autosomal or pseudoautosomal	Parkinsonism;albinism;peripheral neuropathy;Chediak-Higashi syndrome 214500				23436631;8896560;9215679;9215680;11857544		False	3	100;0;0	1.64	False		ENSG00000143669	ENSG00000143669	HGNC:1968													
MAPT	gene	MAPT	Eligibility statement prior genetic testing;Expert;Expert Review Green;Radboud University Medical Center, Nijmegen;UKGTN	Parkinson Disease and Complex Parkinsonism	Neurodegenerative disorders	Neurology and neurodevelopmental disorders	MONOALLELIC, autosomal or pseudoautosomal, imprinted status unknown	Dementia, frontotemporal, with or without parkinsonism, 600274; {Parkinson disease, susceptibility to}, 168600; Pick disease, 172700; Supranuclear palsy, progressive, 601104; Supranuclear palsy, progressive atypical, 260540; Tauopathy and r;Pick disease, 172700;PARKINSON-DEMENTIA SYNDROME;clinical presentation suggestive of cortico-basal/PSP syndrome				28334843;20301678		False	3	100;0;0	1.64	False		ENSG00000186868	ENSG00000186868	HGNC:6893													
OPA3	gene	OPA3	Expert Review Green;Literature;Other	Parkinson Disease and Complex Parkinsonism	Neurodegenerative disorders	Neurology and neurodevelopmental disorders	BIALLELIC, autosomal or pseudoautosomal	3-methylglutaconic aciduria, type III, 258501; Costeff syndrome				25201222; 11668429; 24944951; 25657044; 20301646		False	3	100;0;0	1.64	False		ENSG00000125741	ENSG00000125741	HGNC:8142													
PANK2	gene	PANK2	Exper;Expert Review Green;Expert list	Parkinson Disease and Complex Parkinsonism	Neurodegenerative disorders	Neurology and neurodevelopmental disorders	BIALLELIC, autosomal or pseudoautosomal	Early Onset Complex Disease;Dystonia;pantothenate kinase-associated neurodegeneration;Dystonia;Neurodegeneration with brain iron accumulation 1;234200						False	3	100;0;0	1.64	False		ENSG00000125779	ENSG00000125779	HGNC:15894													
PARK7	gene	PARK7	Expert;Expert Review Green;Illumina TruGenome Clinical Sequencing Services;Radboud University Medical Center, Nijmegen;UKGTN	Parkinson Disease and Complex Parkinsonism	Neurodegenerative disorders	Neurology and neurodevelopmental disorders	BIALLELIC, autosomal or pseudoautosomal	Parkinson disease 7 autosomal recessive early-onset;606324						False	3	100;0;0	1.64	False		ENSG00000116288	ENSG00000116288	HGNC:16369													
PINK1	gene	PINK1	Eligibility statement prior genetic testing;Expert;Expert Review Green;Illumina TruGenome Clinical Sequencing Services;Radboud University Medical Center, Nijmegen;UKGTN	Parkinson Disease and Complex Parkinsonism	Neurodegenerative disorders	Neurology and neurodevelopmental disorders	BIALLELIC, autosomal or pseudoautosomal	Parkinson disease 6, early onset, 605909;Parkinson Disease 6, Autosomal Recessive Early-Onset						False	3	100;0;0	1.64	False		ENSG00000158828	ENSG00000158828	HGNC:14581													
PLA2G6	gene	PLA2G6	Expert;Expert Review Green;Radboud University Medical Center, Nijmegen	Parkinson Disease and Complex Parkinsonism	Neurodegenerative disorders	Neurology and neurodevelopmental disorders	BIALLELIC, autosomal or pseudoautosomal	Infantile neuroaxonal dystrophy 1, 256600; Neurodegeneration with brain iron accumulation 2B, 610217; Parkinson disease 14, 612953;Early Onset Complex Disease						False	3	100;0;0	1.64	False		ENSG00000184381	ENSG00000184381	HGNC:9039													
PRKRA	gene	PRKRA	Expert;Expert Review Green	Parkinson Disease and Complex Parkinsonism	Neurodegenerative disorders	Neurology and neurodevelopmental disorders	BIALLELIC, autosomal or pseudoautosomal	Early Onset Complex Disease;Early-Onset Generalized Dystonia-Parkinsonism;Dystonia 16;early-onset generalized dystonia-parkinsonism (DYT16), non-responsive to levo-dopa				"PMID: 26990861 - c.665C>T homozygous variant was identified in 3 affected siblings with Early-Onset Generalized Dystonia-Parkinsonism (and was heterozygous in the unaffected patients and an unaffected sibling). It was confirmed by Sanger sequencing and had a frequency of 0.01% in the Exome Aggregation Consortium database, predicted to be deleterious by 2 of 6 in silico tools. They showed it was within a founder haplotype shared by all previoulsy reported cases. The Authors state ""Screening of PRKRA is warranted in all patients with early-onset generalized dystonia, or dystonia parkinsonism compatible with autosomal recessive inheritance"";25737287 Compound het variants (c.G230C (p.Cys77Ser), and in exon 7, c.G638T (p.Cys213Phe)) identified in the two affected siblings reported with dystonia without parkinsonism, unaffected family members were heterozygous;25142429 In a Polish family, the homozygous p.Pro222Leu mutation segregated with autosomal-recessive, early-onset generalized dystonia and slight parkinsonism;25914261;22842711 describes the clinical features of three original cases with homozygous PRKRA variants - the patients presented with either a pure generalised dystonia or with a dystonia-parkinsonism that was relatively unresponsive to L-dopa;18243799 - two unrelated families with members with an apparent autosomal recessive, novel, young-onset, generalised form of dystonia parkinsonism. A region of homozygosity was found in all affected individuals, and narrowed down to the homozygous variant c.665C>T (P222L);24142417 - Compound heterozygous variants were reported in a patient with early onset dystonia c.665C>T (p.P222L) inherited from his mother, and c.637T>C (p.C213R) was a novel mutation;18420150 - a novel heterozygous variant c.266_267delAT;p.H89fsX20 was reported in a proband with  early childhood-onset leg dystonia (though testing in the parents was not mentioned)."		False	3	100;0;0	1.64	False		ENSG00000180228	ENSG00000180228	HGNC:9438													
RAB39B	gene	RAB39B	Expert;Expert Review Green	Parkinson Disease and Complex Parkinsonism	Neurodegenerative disorders	Neurology and neurodevelopmental disorders	X-LINKED: hemizygous mutation in males, monoallelic mutations in females may cause disease (may be less severe, later onset than males)	?Waisman syndrome;early-onset parkinsonism and intellectual disability				25434005;26399558;27694831;27459931;27066548;2639955		False	3	100;0;0	1.64	False		ENSG00000155961	ENSG00000155961	HGNC:16499													
SLC30A10	gene	SLC30A10	Expert Review Green;Illumina TruGenome Clinical Sequencing Services	Parkinson Disease and Complex Parkinsonism	Neurodegenerative disorders	Neurology and neurodevelopmental disorders	BIALLELIC, autosomal or pseudoautosomal	Dystonia/Parkinsonism, Hypermanganesemia, Polycythemia, and Chronic Liver Disease;Dystonia/Parkinsonism, Hypermanganesemia, Polycythemia, andChronic Liver Disease;hypermanganesemia with dystonia-1 (HMNDYT1), increased serum manganese, motor neurodegeneration with extrapyramidal features, polycythemia, and hepatic dysfunction, Brain MRI shows hyperintensities in the basal ganglia				22341971;22341972;22926781;22934317		False	3	100;0;0	1.64	False		ENSG00000196660	ENSG00000196660	HGNC:25355													
SLC39A14	gene	SLC39A14	Expert Review;Expert Review Green	Parkinson Disease and Complex Parkinsonism	Neurodegenerative disorders	Neurology and neurodevelopmental disorders	BIALLELIC, autosomal or pseudoautosomal	"Hypermanganesemia with dystonia 2	617013"						False	3	100;0;0	1.64	False		ENSG00000104635	ENSG00000104635	HGNC:20858													
SLC6A3	gene	SLC6A3	Expert Review Green;Radboud University Medical Center, Nijmegen	Parkinson Disease and Complex Parkinsonism	Neurodegenerative disorders	Neurology and neurodevelopmental disorders	BIALLELIC, autosomal or pseudoautosomal	Parkinsonism-dystonia, infantile, 613135						False	3	100;0;0	1.64	False		ENSG00000142319	ENSG00000142319	HGNC:11049													
SNCA	gene	SNCA	Expert;Expert Review Green;Illumina TruGenome Clinical Sequencing Services;Radboud University Medical Center, Nijmegen;UKGTN	Parkinson Disease and Complex Parkinsonism	Neurodegenerative disorders	Neurology and neurodevelopmental disorders	MONOALLELIC, autosomal or pseudoautosomal, imprinted status unknown	Parkinson disease 4, 605543;Dementia, Lewy body, 127750;Parkinson disease 1, 168601;Autosomal dominant Parkinson's disease with alpha-synuclein rearrangements (PARK1/4)						False	3	100;0;0	1.64	False	Other - please provide details in the comments	ENSG00000145335	ENSG00000145335	HGNC:11138													
SPG11	gene	SPG11	Expert;Expert Review Green	Parkinson Disease and Complex Parkinsonism	Neurodegenerative disorders	Neurology and neurodevelopmental disorders	BIALLELIC, autosomal or pseudoautosomal	Early Onset Complex Disease;hereditary spastic paraparesis;early onset parkinsonism, levo dopa responsve;Complex parkinsonism				19224311;21381113;27820618		False	3	100;0;0	1.64	False		ENSG00000104133	ENSG00000104133	HGNC:11226													
SPR	gene	SPR	Expert Review Green;Expert list	Parkinson Disease and Complex Parkinsonism	Neurodegenerative disorders	Neurology and neurodevelopmental disorders	BIALLELIC, autosomal or pseudoautosomal	Dopa-Responsive Dystonia; Dystonia, dopa-responsive, due to sepiapterin reductase deficiency, 612716; paediatric form of dopa responsive dystonia				http://www.ncbi.nlm.nih.gov/books/NBK1155/;22522443		False	3	100;0;0	1.64	False		ENSG00000116096	ENSG00000116096	HGNC:11257													
SYNJ1	gene	SYNJ1	Expert;Expert Review Green;Radboud University Medical Center, Nijmegen	Parkinson Disease and Complex Parkinsonism	Neurodegenerative disorders	Neurology and neurodevelopmental disorders	BIALLELIC, autosomal or pseudoautosomal	Parkinson disease 20, early-onset, 615530;Early Onset Complex Disease;juvenile Parkinsonism				26149920;27496670;27435091		False	3	100;0;0	1.64	False		ENSG00000159082	ENSG00000159082	HGNC:11503													
TH	gene	TH	Expert Review Green;Expert list	Parkinson Disease and Complex Parkinsonism	Neurodegenerative disorders	Neurology and neurodevelopmental disorders	BIALLELIC, autosomal or pseudoautosomal	Segawa syndrome, recessive, 605407;paediatric form of dopa responsive dystonia;infantile parkinsonism				http://www.ncbi.nlm.nih.gov/books/NBK1155/		False	3	100;0;0	1.64	False		ENSG00000180176	ENSG00000180176	HGNC:11782													
TUBB4A	gene	TUBB4A	Expert Review Green;Expert list	Parkinson Disease and Complex Parkinsonism	Neurodegenerative disorders	Neurology and neurodevelopmental disorders	MONOALLELIC, autosomal or pseudoautosomal, imprinted status unknown	Complex parkinsonism;Dystonia;?Dystonia 4, torsion, autosomal dominant, 128101;hereditary whispering dysphonia;Dystonia;hypomyelinating leukodystrophy 6				27809427		False	3	100;0;0	1.64	False		ENSG00000104833	ENSG00000104833	HGNC:20774													
VPS13A	gene	VPS13A	Expert Review Green;Expert list	Parkinson Disease and Complex Parkinsonism	Neurodegenerative disorders	Neurology and neurodevelopmental disorders	BIALLELIC, autosomal or pseudoautosomal	Choreoacanthocytosis;200150;Complex parkinsonism				11381253		False	3	100;0;0	1.64	False		ENSG00000197969	ENSG00000197969	HGNC:1908													
VPS35	gene	VPS35	Expert;Expert Review Green;Illumina TruGenome Clinical Sequencing Services;Radboud University Medical Center, Nijmegen;UKGTN	Parkinson Disease and Complex Parkinsonism	Neurodegenerative disorders	Neurology and neurodevelopmental disorders	MONOALLELIC, autosomal or pseudoautosomal, imprinted status unknown	Parkinson disease 17, 614203;Parkinson Disease, Dominant;PARKINSON DISEASE 17;PARK17;late onset parkinson disease				21763482;22991136;21763483;22517097;27777137;24854799;26547032;23408866		False	3	100;0;0	1.64	False		ENSG00000069329	ENSG00000069329	HGNC:13487													
WDR45	gene	WDR45	Expert;Expert Review Green;Expert list	Parkinson Disease and Complex Parkinsonism	Neurodegenerative disorders	Neurology and neurodevelopmental disorders	X-LINKED: hemizygous mutation in males, monoallelic mutations in females may cause disease (may be less severe, later onset than males)	Dystonia; beta-propeller protein-associated neurodegeneration ;beta-propeller protein-associated neurodegeneration						False	3	100;0;0	1.64	False		ENSG00000196998	ENSG00000196998	HGNC:28912													
CHCHD2	gene	CHCHD2	Expert Review Amber;Literature	Parkinson Disease and Complex Parkinsonism	Neurodegenerative disorders	Neurology and neurodevelopmental disorders	MONOALLELIC, autosomal or pseudoautosomal, NOT imprinted	Parkinson disease 22, autosomal dominant;616710				Funayama, M., Ohe, K., Amo, T., Furuya, N., Yamaguchi, J., Saiki, S., Li, Y., Ogaki, K., Ando, M., Yoshino, H., Tomiyama, H., Nishioka, K., and 12 others. CHCHD2 mutations in autosomal dominant late-onset Parkinson's disease: a genome-wide linkage and sequencing study. Lancet Neurol. 14: 274-282, 2015;26067114;25662902;26067110		False	2	0;50;50	1.64	False		ENSG00000106153	ENSG00000106153	HGNC:21645													
TAF1	gene	TAF1	Expert Review Amber;Radboud University Medical Center, Nijmegen	Parkinson Disease and Complex Parkinsonism	Neurodegenerative disorders	Neurology and neurodevelopmental disorders	X-LINKED: hemizygous mutation in males, monoallelic mutations in females may cause disease (may be less severe, later onset than males)	Dystonia-Parkinsonism, X-linked, 314250;SVA retrotransposon insertion Dystonia-Parkinsonism, X-linked, 314250				17273961;17668393;26637982;20301662;12928496		False	2	100;0;0	1.64	False	Other - please provide details in the comments	ENSG00000147133	ENSG00000147133	HGNC:11535													
ANO3	gene	ANO3	Expert Review Red;Expert list	Parkinson Disease and Complex Parkinsonism	Neurodegenerative disorders	Neurology and neurodevelopmental disorders	MONOALLELIC, autosomal or pseudoautosomal, imprinted status unknown	Dystonia 24, 615034; familial form of cranio-cervical dystonia						False	1	0;0;0	1.64	False		ENSG00000134343	ENSG00000134343	HGNC:14004													
ATP6AP2	gene	ATP6AP2	Literature	Parkinson Disease and Complex Parkinsonism	Neurodegenerative disorders	Neurology and neurodevelopmental disorders	X-LINKED: hemizygous mutation in males, biallelic mutations in females	"?Parkinsonism with spasticity, X-linked	300911;Mental retardation, X-linked, syndromic, Hedera type 300423"				23595882		False	1	0;0;100	1.64	False		ENSG00000182220	ENSG00000182220	HGNC:18305													
ATXN2	gene	ATXN2	Expert;Expert Review Red	Parkinson Disease and Complex Parkinsonism	Neurodegenerative disorders	Neurology and neurodevelopmental disorders	MONOALLELIC, autosomal or pseudoautosomal, imprinted status unknown	(CAGexpansion);familial parkinsonism						False	1	0;0;100	1.64	False	Loss-of-function variants (as defined in pop up message) DO NOT cause this phenotype - please provide details in the comments	ENSG00000204842	ENSG00000204842	HGNC:10555													
ATXN3	gene	ATXN3	Expert;Expert Review Red	Parkinson Disease and Complex Parkinsonism	Neurodegenerative disorders	Neurology and neurodevelopmental disorders	MONOALLELIC, autosomal or pseudoautosomal, imprinted status unknown	(CAGexpansion);familial parkinsonism						False	1	0;0;100	1.64	False	Loss-of-function variants (as defined in pop up message) DO NOT cause this phenotype - please provide details in the comments	ENSG00000066427	ENSG00000066427	HGNC:7106													
C9orf72	gene	C9orf72	Eligibility statement prior genetic testing;Expert;Expert Review Red	Parkinson Disease and Complex Parkinsonism	Neurodegenerative disorders	Neurology and neurodevelopmental disorders	MONOALLELIC, autosomal or pseudoautosomal, imprinted status unknown	(Hexanucleotideexpansion);clinical presentation suggestive of cortico-basal/PSP syndrome;complex parkinsonism				25326098;http://www.ncbi.nlm.nih.gov/pubmed/25326098		False	1	50;0;50	1.64	False	Loss-of-function variants (as defined in pop up message) DO NOT cause this phenotype - please provide details in the comments	ENSG00000147894	ENSG00000147894	HGNC:28337													
EIF4G1	gene	EIF4G1	Expert Review Red;Radboud University Medical Center, Nijmegen	Parkinson Disease and Complex Parkinsonism	Neurodegenerative disorders	Neurology and neurodevelopmental disorders	MONOALLELIC, autosomal or pseudoautosomal, imprinted status unknown	Parkinsons disease 18, 614251						False	1	0;0;100	1.64	False		ENSG00000114867	ENSG00000114867	HGNC:3296													
GIGYF2	gene	GIGYF2	Expert Review Red;Radboud University Medical Center, Nijmegen	Parkinson Disease and Complex Parkinsonism	Neurodegenerative disorders	Neurology and neurodevelopmental disorders		Susceptibility to Parkinson disease 11, 607688;{Parkinson disease 11}				18923002;19279319;19250854;19279319;19449032;18358451;18923002;19250854;19279319;19429085;19482505;20044296;20685231;19321232;26134514;201788319;20060621		False	1	0;0;100	1.64	False		ENSG00000204120	ENSG00000204120	HGNC:11960													
GNAL	gene	GNAL	Expert Review Red;Expert list	Parkinson Disease and Complex Parkinsonism	Neurodegenerative disorders	Neurology and neurodevelopmental disorders	MONOALLELIC, autosomal or pseudoautosomal, imprinted status unknown	Dystonia 25, 615073;adult-onset cranio-cervical dystonia				http://www.ncbi.nlm.nih.gov/books/NBK1155/;27222887;27123488;27093447;26810727;26725140;26506956;26365774;25847575;25382112;23222958;23449625;23759320;24151159;24408567;24535567;24729450;25382112;27222887		False	1	0;0;100	1.64	False		ENSG00000141404	ENSG00000141404	HGNC:4388													
HTRA2	gene	HTRA2	Expert Review Red;Illumina TruGenome Clinical Sequencing Services;Radboud University Medical Center, Nijmegen	Parkinson Disease and Complex Parkinsonism	Neurodegenerative disorders	Neurology and neurodevelopmental disorders	MONOALLELIC, autosomal or pseudoautosomal, imprinted status unknown	Parkinson disease 13, 610297;Parkinson Disease, Dominant				15961413;18364387;18401856;15961413;23462481		False	1	0;0;0	1.64	False		ENSG00000115317	ENSG00000115317	HGNC:14348													
HTT	gene	HTT	Expert;Expert Review Red	Parkinson Disease and Complex Parkinsonism	Neurodegenerative disorders	Neurology and neurodevelopmental disorders	MONOALLELIC, autosomal or pseudoautosomal, imprinted status unknown	Huntingtons disease (HD)						False	1	0;0;0	1.64	False	Loss-of-function variants (as defined in pop up message) DO NOT cause this phenotype - please provide details in the comments	ENSG00000197386	ENSG00000197386	HGNC:4851													
IPPK	gene	IPPK	Expert;Expert Review Red	Parkinson Disease and Complex Parkinsonism	Neurodegenerative disorders	Neurology and neurodevelopmental disorders	BIALLELIC, autosomal or pseudoautosomal	Early Onset Complex Disease						False	1	0;0;100	1.64	False		ENSG00000127080	ENSG00000127080	HGNC:14645													
JPH3	gene	JPH3	Expert list	Parkinson Disease and Complex Parkinsonism	Neurodegenerative disorders	Neurology and neurodevelopmental disorders	MONOALLELIC, autosomal or pseudoautosomal, NOT imprinted	"Huntington disease-like 2	606438"						False	1	0;0;100	1.64	False	Other - please provide details in the comments	ENSG00000154118	ENSG00000154118	HGNC:14203													
NR4A2	gene	NR4A2	Expert Review Red;Illumina TruGenome Clinical Sequencing Services	Parkinson Disease and Complex Parkinsonism	Neurodegenerative disorders	Neurology and neurodevelopmental disorders	BIALLELIC, autosomal or pseudoautosomal	Parkinson Disease, Dominant/Recessive (susceptibility to)				12496759;12827450;15184637;15276233;15390059;27012974;25543265;24126627		False	1	0;0;0	1.64	False		ENSG00000153234	ENSG00000153234	HGNC:7981													
SGCE	gene	SGCE	Expert Review Red;Expert list	Parkinson Disease and Complex Parkinsonism	Neurodegenerative disorders	Neurology and neurodevelopmental disorders	MONOALLELIC, autosomal or pseudoautosomal, maternally imprinted (paternal allele expressed)	Myoclonus-Dystonia;maternally imprinted Dystonia-11, myoclonic, 159900;Myoclonus dystonia syndrome				http://www.ncbi.nlm.nih.gov/books/NBK1155/;11528394;12325078		False	1	0;0;0	1.64	False		ENSG00000127990	ENSG00000127990	HGNC:10808													
SLC41A1	gene	SLC41A1	Expert Review Red;Radboud University Medical Center, Nijmegen	Parkinson Disease and Complex Parkinsonism	Neurodegenerative disorders	Neurology and neurodevelopmental disorders		Parkinson disease (Yan (2011) Int J Neurosci 121,632)				27612022 and 26308152 - reduced risk of PD association;24661466 - A novel heterozygous variant (R244H) reported in the SLC41A1 gene was identified in one early onset PD patient, which not present either in 479 PD patients or 525 normal controls with age onset >50;21812739 and 20683486 novel heterozygous variants identified in PD patients		False	1	0;0;100	1.64	False		ENSG00000133065	ENSG00000133065	HGNC:19429													
SNCAIP	gene	SNCAIP	Expert Review Red;Illumina TruGenome Clinical Sequencing Services	Parkinson Disease and Complex Parkinsonism	Neurodegenerative disorders	Neurology and neurodevelopmental disorders	BIALLELIC, autosomal or pseudoautosomal	Parkinson Disease, Dominant/Recessive						False	1	0;0;100	1.64	False		ENSG00000064692	ENSG00000064692	HGNC:11139													
TBP	gene	TBP	Expert;Expert Review Red;Radboud University Medical Center, Nijmegen	Parkinson Disease and Complex Parkinsonism	Neurodegenerative disorders	Neurology and neurodevelopmental disorders	MONOALLELIC, autosomal or pseudoautosomal, imprinted status unknown	Spinocerebellar ataxia 17, 607136; {Parkinson disease, susceptibility to}, 168600						False	1	0;0;0	1.64	False	Loss-of-function variants (as defined in pop up message) DO NOT cause this phenotype - please provide details in the comments	ENSG00000112592	ENSG00000112592	HGNC:11588													
THAP1	gene	THAP1	Expert Review Red;Expert list	Parkinson Disease and Complex Parkinsonism	Neurodegenerative disorders	Neurology and neurodevelopmental disorders	MONOALLELIC, autosomal or pseudoautosomal, imprinted status unknown	Dystonia;Dystonia 6, torsion, 602629;DYT6				http://www.ncbi.nlm.nih.gov/books/NBK1155/;21793105		False	1	0;0;0	1.64	False		ENSG00000131931	ENSG00000131931	HGNC:20856													
TOR1A	gene	TOR1A	Expert Review Red;Expert list	Parkinson Disease and Complex Parkinsonism	Neurodegenerative disorders	Neurology and neurodevelopmental disorders	MONOALLELIC, autosomal or pseudoautosomal, imprinted status unknown	Early-Onset Primary Dystonia;Dystonia-1, torsion, 128100;Autosomal dominant or sporadic dystonia (DYT1);primary torsion dystonia (DYT1), early-onset isolated dystonia				http://www.ncbi.nlm.nih.gov/books/NBK1155/;20301665		False	1	0;0;0	1.64	False		ENSG00000136827	ENSG00000136827	HGNC:3098													
UCHL1	gene	UCHL1	Expert Review Red;Illumina TruGenome Clinical Sequencing Services	Parkinson Disease and Complex Parkinsonism	Neurodegenerative disorders	Neurology and neurodevelopmental disorders	MONOALLELIC, autosomal or pseudoautosomal, imprinted status unknown	?{Parkinson disease 5, susceptibility to}						False	1	0;0;100	1.64	False		ENSG00000154277	ENSG00000154277	HGNC:12513													
C9orf72_GGGGCC	str	C9orf72	Expert Review Green;Expert list	Parkinson Disease and Complex Parkinsonism	Neurodegenerative disorders	Neurology and neurodevelopmental disorders	MONOALLELIC, autosomal or pseudoautosomal, NOT imprinted	Frontotemporal dementia and/or amyotrophic lateral sclerosis 1 105550						False	4	100;0;0	1.64	True		ENSG00000147894	ENSG00000147894	HGNC:28337	9	27573527	27573544	27573529	27573546	GGGGCC	30	30					
HTT_CAG	str	HTT	Expert Review Green;Expert list	Parkinson Disease and Complex Parkinsonism	Neurodegenerative disorders	Neurology and neurodevelopmental disorders	MONOALLELIC, autosomal or pseudoautosomal, NOT imprinted	Huntington disease 143100				24256063		False	4	100;0;0	1.64	True		ENSG00000197386	ENSG00000197386	HGNC:4851	4	3076604	3076666	3074877	3074939	CAG	40	40					
ATN1_CAG	str	ATN1	Expert Review Green;Expert Review	Parkinson Disease and Complex Parkinsonism	Neurodegenerative disorders	Neurology and neurodevelopmental disorders	MONOALLELIC, autosomal or pseudoautosomal, NOT imprinted	Dentatorubro-pallidoluysian atrophy 125370						False	3	0;0;0	1.64	True		ENSG00000111676	ENSG00000111676	HGNC:3033	12	7045880	7045936	6936717	6936772	CAG	35	48					
ATXN1_CAG	str	ATXN1	Expert Review Green;Expert Review	Parkinson Disease and Complex Parkinsonism	Neurodegenerative disorders	Neurology and neurodevelopmental disorders	MONOALLELIC, autosomal or pseudoautosomal, NOT imprinted	Spinocerebellar ataxia 1 164400						False	3	0;0;0	1.64	True		ENSG00000124788	ENSG00000124788	HGNC:10548	6	16327867	16327953	16327636	16327722	CAG	35	44					
ATXN2_CAG	str	ATXN2	Expert Review Green;Expert list	Parkinson Disease and Complex Parkinsonism	Neurodegenerative disorders	Neurology and neurodevelopmental disorders	MONOALLELIC, autosomal or pseudoautosomal, NOT imprinted	Spinocerebellar ataxia 2 183090						False	3	100;0;0	1.64	True		ENSG00000204842	ENSG00000204842	HGNC:10555	12	112036755	112036823	111598951	111599019	CAG	31	33					
ATXN3_CAG	str	ATXN3	Expert Review Green;Expert list	Parkinson Disease and Complex Parkinsonism	Neurodegenerative disorders	Neurology and neurodevelopmental disorders	MONOALLELIC, autosomal or pseudoautosomal, NOT imprinted	Machado-Joseph disease 109150						False	3	100;0;0	1.64	True		ENSG00000066427	ENSG00000066427	HGNC:7106	14	92537355	92537396	92071011	92071052	CAG	44	60					
JPH3_CTG	str	JPH3	Expert Review Green;Expert list	Parkinson Disease and Complex Parkinsonism	Neurodegenerative disorders	Neurology and neurodevelopmental disorders	MONOALLELIC, autosomal or pseudoautosomal, NOT imprinted	Huntington disease-like 2 606438						False	3	100;0;0	1.64	True		ENSG00000154118	ENSG00000154118	HGNC:14203	16	87637894	87637932	87604288	87604326	CTG	29	41					
PPP2R2B_CAG	str	PPP2R2B	Expert Review Green;Expert Review	Parkinson Disease and Complex Parkinsonism	Neurodegenerative disorders	Neurology and neurodevelopmental disorders	MONOALLELIC, autosomal or pseudoautosomal, NOT imprinted	Spinocerebellar ataxia 12 604326						False	3	100;0;0	1.64	True		ENSG00000156475	ENSG00000156475	HGNC:9305	5	146258292	146258321	146878729	146878758	CAG	32	51					
TBP_CAG	str	TBP	Expert Review Green;Expert list	Parkinson Disease and Complex Parkinsonism	Neurodegenerative disorders	Neurology and neurodevelopmental disorders	MONOALLELIC, autosomal or pseudoautosomal, NOT imprinted	Spinocerebellar ataxia 17 607136				20301611		False	3	100;0;0	1.64	True		ENSG00000112592	ENSG00000112592	HGNC:11588	6	170870996	170871109	170561908	170562021	CAG	41	49					
