dbsnp,gr37,gr38
rs111033179,chrM:1005,chrM:1005
rs2853826,chrM:10398,chrM:10398
,chrM:10652,chrM:10652
rs267606618,chrM:1095,chrM:1095
rs200145866,chrM:11253,chrM:11253
rs2853493,chrM:11467,chrM:11467
rs20087390,chrM:11696,chrM:11696
rs199476112,chrM:11778,chrM:11778
rs28359170,chrM:12236,chrM:12236
,chrM:12308,chrM:12308
rs2853499,chrM:12372,chrM:12372
rs1556424100,chrM:12397,chrM:12397
rs199974018,chrM:12811,chrM:12811
rs200855215,chrM:13637,chrM:13637
,chrM:13967,chrM:13967
rs199476110,chrM:14319,chrM:14319
rs199476104,chrM:14484,chrM:14484
,chrM:14502,chrM:14502
rs397515506,chrM:14568,chrM:14568
,chrM:14668,chrM:14668
,chrM:14693,chrM:14693
rs193302985,chrM:15043,chrM:15043
rs527236044,chrM:15287,chrM:15287
rs267606617,chrM:1555,chrM:1555
rs200336777,chrM:15812,chrM:15812
,chrM:15924,chrM:15924
rs193303002,chrM:15927,chrM:15927
rs527236198,chrM:15928,chrM:15928
rs3928306,chrM:3010,chrM:3010
rs199474657,chrM:3243,chrM:3243
rs41460449,chrM:3394,chrM:3394
rs199476120,chrM:3397,chrM:3397
rs199476118,chrM:3460,chrM:3460
rs397515507,chrM:3635,chrM:3635
,chrM:3644,chrM:3644
rs28357970,chrM:3796,chrM:3796
rs199476121,chrM:4136,chrM:4136
rs1599988,chrM:4216,chrM:4216
rs121434467,chrM:4295,chrM:4295
rs41456348,chrM:4336,chrM:4336
,chrM:4435,chrM:4435
,chrM:4659,chrM:4659
,chrM:4833,chrM:4833
rs28357980,chrM:4917,chrM:4917
,chrM:5178,chrM:5178
,chrM:5628,chrM:5628
rs200077222�,chrM:5814,chrM:5814
,chrM:669,chrM:669
rs199474822,chrM:7444,chrM:7444
,chrM:7471,chrM:7471
,chrM:8348,chrM:8348
rs199476133,chrM:8993,chrM:8993
,chrM:9055,chrM:9055
,chrM:960,chrM:960
rs388851,chrM:961,chrM:961
rs200613617,chrM:9804,chrM:9804
rs878853060,chrM:9861,chrM:9861