dbsnp,gr37,gr38
rs118203885,chrM:583,NA
rs387906420,chrM:616,NA
NA,chrM:618,NA
NA,chrM:627,NA
rs267606619,chrM:1494,NA
rs267606617,chrM:1555,NA
rs199476143,chrM:1606,NA
NA,chrM:1630,NA
NA,chrM:1644,NA
rs199474657,chrM:3243,NA
rs199474662,chrM:3251,NA
rs199474661,chrM:3252,NA
rs199474659,chrM:3256,NA
NA,chrM:3258,NA
rs199474663,chrM:3260,NA
NA,chrM:3270,NA
rs199474658,chrM:3271,NA
rs199474666,chrM:3274,NA
NA,chrM:3280,NA
rs869312463,chrM:3291,NA
NA,chrM:3302,NA
rs199474660,chrM:3303,NA
rs397515612,chrM:3376,NA
rs199476118,chrM:3460,NA
rs397515507,chrM:3635,NA
rs199476122,chrM:3697,NA
rs397515508,chrM:3700,NA
rs199476125,chrM:3733,NA
rs587776434,chrM:3890,NA
NA,chrM:3902,NA
rs199476123,chrM:3946,NA
rs28552781,chrM:3955,NA
NA,chrM:4171,NA
rs121434466,chrM:4269,NA
NA,chrM:4274,NA
NA,chrM:4296,NA
NA,chrM:4298,NA
rs121434470,chrM:4300,NA
NA,chrM:4308,NA
rs199476141,chrM:4332,NA
NA,chrM:4450,NA
rs199474673,chrM:5521,NA
NA,chrM:5537,NA
rs121434457,chrM:5650,NA
NA,chrM:5690,NA
rs199476130,chrM:5703,NA
NA,chrM:6579,NA
NA,chrM:7317,NA
rs199474818,chrM:7445,NA
NA,chrNA,NA
rs387906419,chrM:7497,NA
rs199474820,chrM:7510,NA
rs199474821,chrM:7511,NA
rs118192098,chrM:8344,NA
rs118192099,chrM:8356,NA
rs118192100,chrM:8363,NA
rs387906422,chrM:8528,NA
NA,chrM:8672,NA
NA,chrM:8782,NA
rs199476136,chrM:8851,NA
rs794726857,chrM:8969,NA
rs199476133,chrM:8993,NA
NA,chrM:9035,NA
rs199476135,chrM:9176,NA
rs199476138,chrM:9185,NA
NA,chrM:9205,NA
rs267606613,chrM:9952,NA
rs121434476,chrM:10010,NA
NA,chrM:10038,NA
rs199476117,chrM:10158,NA
rs267606890,chrM:10191,NA
rs267606891,chrM:10197,NA
rs193302933,chrM:10663,NA
NA,chrM:11232,NA
rs28384199,chrM:11777,NA
rs199476112,chrM:11778,NA
rs121434474,chrM:12147,NA
rs118203888,chrM:12258,NA
NA,chrM:12276,NA
NA,chrM:12294,NA
rs121434462,chrM:12315,NA
NA,chrM:12316,NA
rs121434463,chrM:12320,NA
rs267606893,chrM:12706,NA
rs267606898,chrM:13042,NA
rs1131692063,chrM:13051,NA
NA,chrM:13094,NA
rs267606897,chrM:13513,NA
rs587776440,chrM:13514,NA
NA,chrM:14351,NA
rs199476107,chrM:14453,NA
rs199476105,chrM:14459,NA
rs199476108,chrM:14482,NA
rs199476104,chrM:14484,NA
rs199476109,chrM:14487,NA
rs199476106,chrM:14495,NA
rs201327354,chrM:14502,NA
rs397515506,chrM:14568,NA
rs387906421,chrM:14674,NA
rs121434453,chrM:14709,NA
NA,chrM:14710,NA
rs207460004,chrM:14849,NA
NA,chrM:14864,NA
rs207460002,chrM:15579,NA
rs199476124,chrM:3949,NA
rs199476121,chrM:4136,NA
rs199476119,chrM:4160,NA
rs121434468,chrM:4284,NA
rs121434467,chrM:4295,NA
rs121434465,chrM:4317,NA
rs267606889,chrM:4681,NA
rs199474674,chrM:5532,NA
rs786200950,chrM:5631,NA
rs28461189,chrM:6489,NA
rs199474822,chrM:7444,NA
NA,chrM:7472,NA
rs118192102,chrM:8296,NA
rs118192101,chrM:8313,NA
rs587776437,chrM:9478,NA
rs121434475,chrM:9997,NA
rs41362547,chrM:10044,NA
rs200145866,chrM:11253,NA
rs200873900,chrM:11696,NA
rs121434473,chrM:12183,NA
rs267606894,chrM:12770,NA
rs199974018,chrM:12811,NA
rs200855215,chrM:13637,NA
rs207460003,chrM:15498,NA
rs10947088,chr6:30709830,NA
rs2532934,chr6:30894759,NA
rs3905495,chr6:31265539,NA
rs6457374,chr6:31272261,NA
rs2844535,chr6:31350303,NA
rs2523685,chr6:31426256,NA
rs4947332,chr6:31834197,NA
rs2395173,chr6:32404859,NA
rs9270623,chr6:32565331,NA
rs2040410,chr6:32602698,NA
rs2040406,chr6:32603007,NA
rs6457614,chr6:32651900,NA
rs2157051,chr6:32658624,NA
rs2858880,chr6:32704884,NA
rs1057149,chr6:32814942,NA
rs1611635,chr6:29835979,NA
rs1057149,chr6:32798549,NA